conteudo_id,data,total_interacoes,visualizacoes,inicios,conclusoes,curtidas,avaliacoes,soma_avaliacao,tempo_total_min,execucao_id,publicado_em
837,2026-05-19,1,0,0,0,0,0,0,39,hop-cli-1,2026-09-27 15:08:36.186569
42,2026-06-08,1,0,0,0,0,0,0,19,hop-cli-1,2026-09-27 15:08:36.187125
901,2026-02-16,1,0,1,0,0,0,0,20,hop-cli-1,2026-09-27 15:08:36.187131
600,2026-01-02,1,0,0,1,0,0,0,58,hop-cli-1,2026-09-27 15:08:36.187133
809,2026-02-12,1,0,0,0,0,1,5,7,hop-cli-1,2026-09-27 15:08:36.187134
624,2026-02-24,1,1,0,0,0,0,0,616,hop-cli-1,2026-09-27 15:08:36.187136
354,2026-05-23,1,0,0,0,0,1,4,1144,hop-cli-1,2026-09-27 15:08:36.187138
55,2026-06-03,1,0,1,0,0,0,0,1,hop-cli-1,2026-09-27 15:08:36.187139
805,2026-05-13,1,0,0,1,0,1,4,41,hop-cli-1,2026-09-27 15:08:36.187140
177,2026-08-15,1,0,0,0,0,0,0,12,hop-cli-1,2026-09-27 15:08:36.187142
92,2026-03-05,1,0,0,1,0,1,5,566,hop-cli-1,2026-09-27 15:08:36.187143
174,2026-03-21,1,0,0,0,0,1,4,51,hop-cli-1,2026-09-27 15:08:36.187145
412,2026-03-22,1,0,1,0,0,0,0,4,hop-cli-1,2026-09-27 15:08:36.187146
592,2026-02-08,1,0,1,0,0,0,0,59,hop-cli-1,2026-09-27 15:08:36.187147
435,2026-04-09,1,0,1,0,0,0,0,22,hop-cli-1,2026-09-27 15:08:36.187149
547,2026-02-16,1,0,1,0,0,0,0,1,hop-cli-1,2026-09-27 15:08:36.187150
959,2026-06-12,1,1,0,0,0,0,0,58,hop-cli-1,2026-09-27 15:08:36.187151
818,2026-05-28,1,1,0,0,0,0,0,9,hop-cli-1,2026-09-27 15:08:36.187153
657,2026-02-11,1,1,0,0,0,0,0,2033,hop-cli-1,2026-09-27 15:08:36.187154
193,2026-04-26,1,1,0,0,0,0,0,10,hop-cli-1,2026-09-27 15:08:36.187155
965,2026-02-14,1,0,0,1,0,1,5,9,hop-cli-1,2026-09-27 15:08:36.187157
916,2026-06-02,1,1,0,0,0,0,0,487,hop-cli-1,2026-09-27 15:08:36.187158
42,2026-03-30,1,0,0,0,0,0,0,46,hop-cli-1,2026-09-27 15:08:36.187183
655,2026-08-11,1,1,0,0,0,0,0,114,hop-cli-1,2026-09-27 15:08:36.187187
198,2026-03-21,1,1,0,0,0,0,0,421,hop-cli-1,2026-09-27 15:08:36.187188
512,2026-06-25,1,0,0,1,0,1,5,42,hop-cli-1,2026-09-27 15:08:36.187190
259,2026-02-13,1,0,0,0,1,1,5,55,hop-cli-1,2026-09-27 15:08:36.187192
890,2026-06-29,1,0,0,1,0,1,4,40,hop-cli-1,2026-09-27 15:08:36.187193
630,2026-08-22,1,1,0,0,0,0,0,4,hop-cli-1,2026-09-27 15:08:36.187194
154,2026-03-09,1,1,0,0,0,0,0,17,hop-cli-1,2026-09-27 15:08:36.187196
45,2026-06-28,1,1,0,0,0,0,0,12,hop-cli-1,2026-09-27 15:08:36.187197
691,2026-03-11,1,0,0,1,0,1,3,20,hop-cli-1,2026-09-27 15:08:36.187198
829,2026-02-17,1,0,0,0,0,0,0,19,hop-cli-1,2026-09-27 15:08:36.187200
951,2026-05-17,1,0,0,1,0,1,4,43,hop-cli-1,2026-09-27 15:08:36.187201
967,2026-03-31,1,0,0,0,0,1,5,23,hop-cli-1,2026-09-27 15:08:36.187203
95,2026-05-04,1,0,1,0,0,0,0,166,hop-cli-1,2026-09-27 15:08:36.187204
477,2026-03-21,1,0,1,0,0,0,0,66,hop-cli-1,2026-09-27 15:08:36.187206
200,2026-05-17,1,1,0,0,0,0,0,11,hop-cli-1,2026-09-27 15:08:36.187207
611,2026-04-16,1,1,0,0,0,0,0,13,hop-cli-1,2026-09-27 15:08:36.187208
439,2026-02-13,1,1,0,0,0,0,0,21,hop-cli-1,2026-09-27 15:08:36.187210
522,2026-01-12,1,1,0,0,0,0,0,14,hop-cli-1,2026-09-27 15:08:36.187211
808,2026-03-31,1,1,0,0,0,0,0,3,hop-cli-1,2026-09-27 15:08:36.187212
612,2026-03-26,1,0,1,0,0,0,0,4,hop-cli-1,2026-09-27 15:08:36.187214
769,2026-05-26,1,0,0,0,0,0,0,104,hop-cli-1,2026-09-27 15:08:36.187215
917,2026-07-13,1,1,0,0,0,0,0,25,hop-cli-1,2026-09-27 15:08:36.187243
241,2026-07-11,1,1,0,0,0,0,0,16,hop-cli-1,2026-09-27 15:08:36.187247
40,2026-05-14,1,0,0,1,0,1,4,16,hop-cli-1,2026-09-27 15:08:36.187249
896,2026-06-01,1,1,0,0,0,0,0,951,hop-cli-1,2026-09-27 15:08:36.187251
752,2026-05-16,1,1,0,0,0,0,0,55,hop-cli-1,2026-09-27 15:08:36.187252
971,2026-03-15,1,0,0,0,1,1,5,36,hop-cli-1,2026-09-27 15:08:36.187253
121,2026-01-13,1,1,0,0,0,0,0,8,hop-cli-1,2026-09-27 15:08:36.187255
949,2026-05-08,1,1,0,0,0,0,0,14,hop-cli-1,2026-09-27 15:08:36.187256
128,2026-03-30,1,0,0,0,0,0,0,11,hop-cli-1,2026-09-27 15:08:36.187257
393,2026-04-11,1,0,0,0,0,1,5,16,hop-cli-1,2026-09-27 15:08:36.187259
581,2026-07-20,1,1,0,0,0,0,0,856,hop-cli-1,2026-09-27 15:08:36.187260
825,2026-04-29,1,0,0,0,1,1,5,41,hop-cli-1,2026-09-27 15:08:36.187262
562,2026-05-11,1,1,0,0,0,0,0,9,hop-cli-1,2026-09-27 15:08:36.187263
512,2026-07-03,1,1,0,0,0,0,0,16,hop-cli-1,2026-09-27 15:08:36.187264
164,2026-08-24,1,1,0,0,0,0,0,27,hop-cli-1,2026-09-27 15:08:36.187266
605,2026-03-05,1,0,1,0,0,0,0,1,hop-cli-1,2026-09-27 15:08:36.187267
602,2026-05-02,1,0,0,0,0,1,5,1714,hop-cli-1,2026-09-27 15:08:36.187268
635,2026-04-21,1,0,1,0,0,0,0,1,hop-cli-1,2026-09-27 15:08:36.187270
565,2026-01-11,1,1,0,0,0,0,0,762,hop-cli-1,2026-09-27 15:08:36.187271
190,2026-08-03,1,0,0,0,1,1,5,254,hop-cli-1,2026-09-27 15:08:36.187272
929,2026-04-03,1,0,1,0,0,0,0,1,hop-cli-1,2026-09-27 15:08:36.187274
939,2026-02-01,1,1,0,0,0,0,0,9,hop-cli-1,2026-09-27 15:08:36.187275
612,2026-05-13,1,0,0,1,0,1,4,41,hop-cli-1,2026-09-27 15:08:36.187296
681,2026-08-10,1,0,0,0,0,0,0,871,hop-cli-1,2026-09-27 15:08:36.187300
974,2026-04-27,1,0,0,0,0,1,3,50,hop-cli-1,2026-09-27 15:08:36.187302
300,2026-02-22,1,1,0,0,0,0,0,27,hop-cli-1,2026-09-27 15:08:36.187304
222,2026-01-28,1,1,0,0,0,0,0,20,hop-cli-1,2026-09-27 15:08:36.187305
615,2026-01-12,1,1,0,0,0,0,0,20,hop-cli-1,2026-09-27 15:08:36.187306
601,2026-02-11,1,1,0,0,0,0,0,13,hop-cli-1,2026-09-27 15:08:36.187308
730,2026-01-07,1,0,0,0,0,1,5,60,hop-cli-1,2026-09-27 15:08:36.187309
60,2026-06-21,1,0,1,0,0,0,0,1,hop-cli-1,2026-09-27 15:08:36.187310
106,2026-02-18,1,0,0,0,1,1,5,1767,hop-cli-1,2026-09-27 15:08:36.187312
923,2026-02-16,1,0,1,0,0,0,0,5,hop-cli-1,2026-09-27 15:08:36.187313
555,2026-08-10,1,0,1,0,0,0,0,11,hop-cli-1,2026-09-27 15:08:36.187315
452,2026-01-24,1,1,0,0,0,0,0,48,hop-cli-1,2026-09-27 15:08:36.187316
760,2026-06-18,1,1,0,0,0,0,0,5,hop-cli-1,2026-09-27 15:08:36.187317
753,2026-08-11,1,0,1,0,0,0,0,1,hop-cli-1,2026-09-27 15:08:36.187319
328,2026-07-27,1,1,0,0,0,0,0,3,hop-cli-1,2026-09-27 15:08:36.187320
528,2026-01-04,1,0,0,0,1,1,5,7,hop-cli-1,2026-09-27 15:08:36.187322
247,2026-07-03,1,0,0,0,0,1,4,76,hop-cli-1,2026-09-27 15:08:36.187323
216,2026-08-22,1,1,0,0,0,0,0,88,hop-cli-1,2026-09-27 15:08:36.187324
749,2026-03-30,1,1,0,0,0,0,0,24,hop-cli-1,2026-09-27 15:08:36.187326
433,2026-06-11,1,0,0,0,1,1,5,46,hop-cli-1,2026-09-27 15:08:36.187327
339,2026-04-12,1,0,1,0,0,0,0,74,hop-cli-1,2026-09-27 15:08:36.187329
729,2026-02-16,1,1,0,0,0,0,0,31,hop-cli-1,2026-09-27 15:08:36.187330
518,2026-08-11,1,0,0,1,0,1,5,1992,hop-cli-1,2026-09-27 15:08:36.187724
438,2026-06-22,1,0,0,1,0,1,4,115,hop-cli-1,2026-09-27 15:08:36.187728
178,2026-02-26,1,1,0,0,0,0,0,23,hop-cli-1,2026-09-27 15:08:36.187730
141,2026-05-11,1,1,0,0,0,0,0,23,hop-cli-1,2026-09-27 15:08:36.187731
163,2026-01-15,1,1,0,0,0,0,0,9,hop-cli-1,2026-09-27 15:08:36.187732
734,2026-08-03,1,0,0,0,1,1,5,54,hop-cli-1,2026-09-27 15:08:36.187734
428,2026-01-14,1,0,0,0,0,0,0,28,hop-cli-1,2026-09-27 15:08:36.187735
662,2026-05-10,1,0,0,0,1,1,5,16,hop-cli-1,2026-09-27 15:08:36.187737
852,2026-02-11,1,0,0,1,0,1,5,69,hop-cli-1,2026-09-27 15:08:36.187738
707,2026-05-04,1,0,0,0,0,0,0,4,hop-cli-1,2026-09-27 15:08:36.187739
600,2026-02-14,1,0,0,0,0,1,5,44,hop-cli-1,2026-09-27 15:08:36.187740
420,2026-05-09,1,1,0,0,0,0,0,10,hop-cli-1,2026-09-27 15:08:36.187742
590,2026-03-18,1,0,1,0,0,0,0,2,hop-cli-1,2026-09-27 15:08:36.187743
828,2026-06-23,1,0,0,0,1,1,5,18,hop-cli-1,2026-09-27 15:08:36.187744
634,2026-07-30,1,0,0,0,0,1,5,6,hop-cli-1,2026-09-27 15:08:36.187746
445,2026-06-11,1,0,0,1,0,1,4,637,hop-cli-1,2026-09-27 15:08:36.187747
614,2026-03-21,1,0,0,1,0,0,0,28,hop-cli-1,2026-09-27 15:08:36.187748
253,2026-01-20,1,1,0,0,0,0,0,3,hop-cli-1,2026-09-27 15:08:36.187750
771,2026-04-08,1,0,1,0,0,0,0,2,hop-cli-1,2026-09-27 15:08:36.187751
965,2026-03-15,1,0,0,1,0,0,0,9,hop-cli-1,2026-09-27 15:08:36.187753
473,2026-03-29,1,0,1,0,0,0,0,139,hop-cli-1,2026-09-27 15:08:36.187754
713,2026-05-22,1,0,1,0,0,0,0,4,hop-cli-1,2026-09-27 15:08:36.187755
285,2026-06-12,1,0,1,0,0,0,0,1,hop-cli-1,2026-09-27 15:08:36.187777
66,2026-05-07,1,0,0,0,1,1,5,67,hop-cli-1,2026-09-27 15:08:36.187780
983,2026-02-15,1,0,0,0,0,0,0,2,hop-cli-1,2026-09-27 15:08:36.187782
935,2026-07-22,1,1,0,0,0,0,0,30,hop-cli-1,2026-09-27 15:08:36.187783
525,2026-01-02,1,1,0,0,0,0,0,41,hop-cli-1,2026-09-27 15:08:36.187784
763,2026-02-24,1,1,0,0,0,0,0,48,hop-cli-1,2026-09-27 15:08:36.187786
964,2026-02-16,1,0,0,0,0,0,0,39,hop-cli-1,2026-09-27 15:08:36.187787
20,2026-01-25,1,1,0,0,0,0,0,6,hop-cli-1,2026-09-27 15:08:36.187788
724,2026-06-03,1,1,0,0,0,0,0,8,hop-cli-1,2026-09-27 15:08:36.187790
239,2026-01-16,1,1,0,0,0,0,0,12,hop-cli-1,2026-09-27 15:08:36.187791
468,2026-02-28,1,1,0,0,0,0,0,11,hop-cli-1,2026-09-27 15:08:36.187793
327,2026-07-24,1,0,0,0,0,0,0,64,hop-cli-1,2026-09-27 15:08:36.187794
725,2026-04-16,1,0,1,0,0,0,0,4,hop-cli-1,2026-09-27 15:08:36.187795
240,2026-08-11,1,0,0,1,0,1,5,36,hop-cli-1,2026-09-27 15:08:36.187797
125,2026-05-12,1,0,1,0,0,0,0,7,hop-cli-1,2026-09-27 15:08:36.187798
525,2026-06-14,1,0,0,0,0,1,4,79,hop-cli-1,2026-09-27 15:08:36.187800
874,2026-07-20,1,1,0,0,0,0,0,282,hop-cli-1,2026-09-27 15:08:36.187801
331,2026-02-09,1,0,0,1,0,1,4,86,hop-cli-1,2026-09-27 15:08:36.187802
400,2026-05-03,1,0,0,0,1,1,5,18,hop-cli-1,2026-09-27 15:08:36.187804
309,2026-08-03,1,0,0,0,0,1,4,40,hop-cli-1,2026-09-27 15:08:36.187805
102,2026-01-14,1,1,0,0,0,0,0,435,hop-cli-1,2026-09-27 15:08:36.187807
974,2026-03-09,1,0,1,0,0,0,0,5,hop-cli-1,2026-09-27 15:08:36.187808
491,2026-03-10,1,0,1,0,0,0,0,49,hop-cli-1,2026-09-27 15:08:36.188057
188,2026-05-27,1,0,1,0,0,0,0,51,hop-cli-1,2026-09-27 15:08:36.188060
106,2026-05-11,1,0,0,0,1,1,5,2274,hop-cli-1,2026-09-27 15:08:36.188062
683,2026-03-03,1,1,0,0,0,0,0,6,hop-cli-1,2026-09-27 15:08:36.188063
302,2026-05-21,1,1,0,0,0,0,0,637,hop-cli-1,2026-09-27 15:08:36.188065
535,2026-08-03,1,0,0,0,0,1,5,13,hop-cli-1,2026-09-27 15:08:36.188066
151,2026-07-13,1,0,0,0,1,1,5,159,hop-cli-1,2026-09-27 15:08:36.188067
3,2026-06-09,1,1,0,0,0,0,0,50,hop-cli-1,2026-09-27 15:08:36.188068
943,2026-04-03,1,1,0,0,0,0,0,33,hop-cli-1,2026-09-27 15:08:36.188070
733,2026-06-11,1,1,0,0,0,0,0,15,hop-cli-1,2026-09-27 15:08:36.188071
984,2026-07-03,1,0,0,0,0,0,0,23,hop-cli-1,2026-09-27 15:08:36.188073
409,2026-04-23,1,1,0,0,0,0,0,3,hop-cli-1,2026-09-27 15:08:36.188074
190,2026-08-10,1,1,0,0,0,0,0,203,hop-cli-1,2026-09-27 15:08:36.188076
293,2026-05-20,1,0,1,0,0,0,0,1,hop-cli-1,2026-09-27 15:08:36.188077
119,2026-03-24,1,1,0,0,0,0,0,23,hop-cli-1,2026-09-27 15:08:36.188079
785,2026-06-24,1,0,0,1,0,0,0,10,hop-cli-1,2026-09-27 15:08:36.188080
445,2026-07-04,1,0,0,0,1,1,5,404,hop-cli-1,2026-09-27 15:08:36.188081
614,2026-07-27,1,1,0,0,0,0,0,23,hop-cli-1,2026-09-27 15:08:36.188083
699,2026-01-29,1,1,0,0,0,0,0,13,hop-cli-1,2026-09-27 15:08:36.188084
474,2026-02-14,1,0,0,0,1,1,5,24,hop-cli-1,2026-09-27 15:08:36.188085
472,2026-07-20,1,0,0,0,0,0,0,304,hop-cli-1,2026-09-27 15:08:36.188087
918,2026-07-01,1,0,0,0,1,1,5,418,hop-cli-1,2026-09-27 15:08:36.188088
125,2026-04-18,1,1,0,0,0,0,0,5,hop-cli-1,2026-09-27 15:08:36.188112
478,2026-01-09,1,0,0,1,0,1,4,62,hop-cli-1,2026-09-27 15:08:36.188116
485,2026-07-04,1,0,0,1,0,0,0,71,hop-cli-1,2026-09-27 15:08:36.188118
83,2026-08-18,1,0,0,1,0,1,3,36,hop-cli-1,2026-09-27 15:08:36.188120
641,2026-01-03,1,1,0,0,0,0,0,262,hop-cli-1,2026-09-27 15:08:36.188121
396,2026-04-02,1,0,1,0,0,0,0,2,hop-cli-1,2026-09-27 15:08:36.188123
391,2026-05-19,1,1,0,0,0,0,0,6,hop-cli-1,2026-09-27 15:08:36.188124
857,2026-04-23,1,0,0,0,0,0,0,38,hop-cli-1,2026-09-27 15:08:36.188125
474,2026-01-15,1,0,0,0,1,1,5,27,hop-cli-1,2026-09-27 15:08:36.188127
389,2026-05-25,1,1,0,0,0,0,0,740,hop-cli-1,2026-09-27 15:08:36.188128
937,2026-05-15,1,0,1,0,0,0,0,1,hop-cli-1,2026-09-27 15:08:36.188130
431,2026-03-02,1,0,0,0,0,1,1,302,hop-cli-1,2026-09-27 15:08:36.188131
604,2026-02-18,1,0,0,0,0,1,3,25,hop-cli-1,2026-09-27 15:08:36.188132
780,2026-08-10,1,0,1,0,0,0,0,23,hop-cli-1,2026-09-27 15:08:36.188134
27,2026-07-05,1,0,0,1,0,1,4,30,hop-cli-1,2026-09-27 15:08:36.188135
270,2026-04-01,1,1,0,0,0,0,0,20,hop-cli-1,2026-09-27 15:08:36.188137
510,2026-01-11,1,0,0,1,0,1,4,19,hop-cli-1,2026-09-27 15:08:36.188138
578,2026-07-12,1,1,0,0,0,0,0,2,hop-cli-1,2026-09-27 15:08:36.188139
240,2026-03-10,1,1,0,0,0,0,0,19,hop-cli-1,2026-09-27 15:08:36.188141
722,2026-05-06,1,0,0,0,0,0,0,8,hop-cli-1,2026-09-27 15:08:36.188142
374,2026-05-24,1,1,0,0,0,0,0,10,hop-cli-1,2026-09-27 15:08:36.188144
298,2026-04-11,1,1,0,0,0,0,0,46,hop-cli-1,2026-09-27 15:08:36.188145
429,2026-05-25,1,1,0,0,0,0,0,14,hop-cli-1,2026-09-27 15:08:36.188221
353,2026-01-17,1,0,0,0,0,0,0,75,hop-cli-1,2026-09-27 15:08:36.188253
802,2026-08-23,1,0,0,1,0,1,3,52,hop-cli-1,2026-09-27 15:08:36.188257
229,2026-04-11,1,1,0,0,0,0,0,13,hop-cli-1,2026-09-27 15:08:36.188260
234,2026-03-08,1,1,0,0,0,0,0,17,hop-cli-1,2026-09-27 15:08:36.188262
96,2026-05-09,1,1,0,0,0,0,0,2,hop-cli-1,2026-09-27 15:08:36.188263
849,2026-02-19,1,0,0,0,1,1,5,57,hop-cli-1,2026-09-27 15:08:36.188265
142,2026-05-27,1,0,0,1,0,1,5,19,hop-cli-1,2026-09-27 15:08:36.188267
46,2026-08-19,1,0,0,0,0,0,0,15,hop-cli-1,2026-09-27 15:08:36.188268
356,2026-07-07,1,1,0,0,0,0,0,970,hop-cli-1,2026-09-27 15:08:36.188269
975,2026-06-06,1,1,0,0,0,0,0,16,hop-cli-1,2026-09-27 15:08:36.188271
396,2026-03-23,1,0,0,0,0,1,5,27,hop-cli-1,2026-09-27 15:08:36.188272
496,2026-01-05,1,0,0,0,1,1,5,38,hop-cli-1,2026-09-27 15:08:36.188274
19,2026-02-27,1,1,0,0,0,0,0,1,hop-cli-1,2026-09-27 15:08:36.188275
114,2026-05-05,1,0,0,1,0,1,5,31,hop-cli-1,2026-09-27 15:08:36.188276
933,2026-07-01,1,0,0,0,0,0,0,3,hop-cli-1,2026-09-27 15:08:36.188278
755,2026-06-09,1,0,1,0,0,0,0,1,hop-cli-1,2026-09-27 15:08:36.188279
965,2026-05-20,1,1,0,0,0,0,0,6,hop-cli-1,2026-09-27 15:08:36.188281
756,2026-03-14,1,0,1,0,0,0,0,7,hop-cli-1,2026-09-27 15:08:36.188282
631,2026-03-04,1,1,0,0,0,0,0,4,hop-cli-1,2026-09-27 15:08:36.188283
290,2026-03-25,1,0,1,0,0,0,0,1,hop-cli-1,2026-09-27 15:08:36.188285
948,2026-01-28,1,0,1,0,0,0,0,3,hop-cli-1,2026-09-27 15:08:36.188286
889,2026-04-08,1,1,0,0,0,0,0,23,hop-cli-1,2026-09-27 15:08:36.188287
856,2026-05-20,1,0,0,1,0,1,4,86,hop-cli-1,2026-09-27 15:08:36.188309
890,2026-06-19,1,0,0,1,0,1,4,40,hop-cli-1,2026-09-27 15:08:36.188312
45,2026-06-27,1,0,0,0,0,0,0,20,hop-cli-1,2026-09-27 15:08:36.188314
145,2026-03-05,1,0,0,0,0,0,0,14,hop-cli-1,2026-09-27 15:08:36.188316
504,2026-07-28,1,0,0,1,0,1,4,16,hop-cli-1,2026-09-27 15:08:36.188317
823,2026-04-08,1,1,0,0,0,0,0,8,hop-cli-1,2026-09-27 15:08:36.188318
251,2026-07-01,1,1,0,0,0,0,0,443,hop-cli-1,2026-09-27 15:08:36.188320
164,2026-06-07,1,1,0,0,0,0,0,63,hop-cli-1,2026-09-27 15:08:36.188321
945,2026-07-08,1,0,1,0,0,0,0,87,hop-cli-1,2026-09-27 15:08:36.188322
353,2026-07-30,1,0,0,1,0,1,5,86,hop-cli-1,2026-09-27 15:08:36.188324
311,2026-05-05,1,0,0,0,0,0,0,425,hop-cli-1,2026-09-27 15:08:36.188325
268,2026-03-29,1,0,1,0,0,0,0,3,hop-cli-1,2026-09-27 15:08:36.188327
249,2026-02-16,1,1,0,0,0,0,0,7,hop-cli-1,2026-09-27 15:08:36.188328
754,2026-06-18,1,0,0,0,0,0,0,375,hop-cli-1,2026-09-27 15:08:36.188329
517,2026-08-22,1,0,1,0,0,0,0,1,hop-cli-1,2026-09-27 15:08:36.188331
331,2026-08-13,1,0,1,0,0,0,0,6,hop-cli-1,2026-09-27 15:08:36.188332
156,2026-03-20,1,0,0,0,0,1,4,358,hop-cli-1,2026-09-27 15:08:36.188333
318,2026-04-25,1,0,0,0,1,1,5,305,hop-cli-1,2026-09-27 15:08:36.188335
890,2026-03-26,1,1,0,0,0,0,0,23,hop-cli-1,2026-09-27 15:08:36.188336
514,2026-04-21,1,1,0,0,0,0,0,185,hop-cli-1,2026-09-27 15:08:36.188338
361,2026-05-10,1,0,1,0,0,0,0,1,hop-cli-1,2026-09-27 15:08:36.188339
5,2026-03-01,1,1,0,0,0,0,0,3,hop-cli-1,2026-09-27 15:08:36.188341
324,2026-03-10,1,0,0,0,1,1,5,20,hop-cli-1,2026-09-27 15:08:36.188369
703,2026-08-04,1,0,0,0,1,1,5,17,hop-cli-1,2026-09-27 15:08:36.188372
837,2026-02-05,1,1,0,0,0,0,0,11,hop-cli-1,2026-09-27 15:08:36.188373
571,2026-02-21,1,0,0,1,0,1,5,2713,hop-cli-1,2026-09-27 15:08:36.188375
938,2026-06-06,1,0,1,0,0,0,0,75,hop-cli-1,2026-09-27 15:08:36.188376
288,2026-06-09,1,0,0,1,0,1,3,8,hop-cli-1,2026-09-27 15:08:36.188378
706,2026-06-15,1,1,0,0,0,0,0,430,hop-cli-1,2026-09-27 15:08:36.188379
712,2026-05-01,1,0,0,1,0,1,4,28,hop-cli-1,2026-09-27 15:08:36.188380
953,2026-06-15,1,0,0,0,1,1,5,1053,hop-cli-1,2026-09-27 15:08:36.188382
665,2026-01-15,1,0,0,0,1,1,5,3367,hop-cli-1,2026-09-27 15:08:36.188383
374,2026-01-22,1,1,0,0,0,0,0,9,hop-cli-1,2026-09-27 15:08:36.188384
65,2026-07-13,1,1,0,0,0,0,0,10,hop-cli-1,2026-09-27 15:08:36.188386
184,2026-07-05,1,1,0,0,0,0,0,5,hop-cli-1,2026-09-27 15:08:36.188387
150,2026-02-23,1,1,0,0,0,0,0,511,hop-cli-1,2026-09-27 15:08:36.188389
481,2026-05-17,1,0,0,1,0,1,5,43,hop-cli-1,2026-09-27 15:08:36.188390
784,2026-04-08,1,0,0,0,0,0,0,597,hop-cli-1,2026-09-27 15:08:36.188391
842,2026-01-28,1,1,0,0,0,0,0,275,hop-cli-1,2026-09-27 15:08:36.188392
530,2026-05-21,1,1,0,0,0,0,0,33,hop-cli-1,2026-09-27 15:08:36.188394
633,2026-03-11,1,0,0,1,0,1,4,534,hop-cli-1,2026-09-27 15:08:36.188395
833,2026-05-23,1,0,0,0,0,0,0,62,hop-cli-1,2026-09-27 15:08:36.188397
79,2026-05-12,1,1,0,0,0,0,0,9,hop-cli-1,2026-09-27 15:08:36.188398
547,2026-07-27,1,0,0,1,0,1,5,7,hop-cli-1,2026-09-27 15:08:36.188400
704,2026-06-12,1,0,0,0,0,1,3,42,hop-cli-1,2026-09-27 15:08:36.188422
776,2026-01-04,1,0,0,1,0,1,4,29,hop-cli-1,2026-09-27 15:08:36.188424
229,2026-04-21,1,1,0,0,0,0,0,4,hop-cli-1,2026-09-27 15:08:36.188426
810,2026-04-23,1,0,1,0,0,0,0,6,hop-cli-1,2026-09-27 15:08:36.188428
604,2026-04-14,1,1,0,0,0,0,0,8,hop-cli-1,2026-09-27 15:08:36.188430
138,2026-06-13,1,0,0,0,0,0,0,1190,hop-cli-1,2026-09-27 15:08:36.188432
606,2026-03-17,1,1,0,0,0,0,0,3,hop-cli-1,2026-09-27 15:08:36.188434
158,2026-08-10,1,0,0,0,1,1,5,43,hop-cli-1,2026-09-27 15:08:36.188436
569,2026-01-17,1,0,0,1,0,1,4,20,hop-cli-1,2026-09-27 15:08:36.188438
468,2026-04-04,1,0,0,1,0,1,4,24,hop-cli-1,2026-09-27 15:08:36.188440
363,2026-07-26,1,0,0,1,0,1,4,8,hop-cli-1,2026-09-27 15:08:36.188442
900,2026-01-30,1,1,0,0,0,0,0,1026,hop-cli-1,2026-09-27 15:08:36.188443
318,2026-01-26,1,1,0,0,0,0,0,206,hop-cli-1,2026-09-27 15:08:36.188444
212,2026-06-12,1,0,1,0,0,0,0,1,hop-cli-1,2026-09-27 15:08:36.188446
641,2026-06-24,1,0,0,0,1,1,5,475,hop-cli-1,2026-09-27 15:08:36.188447
858,2026-02-28,1,0,0,0,1,1,5,6,hop-cli-1,2026-09-27 15:08:36.188449
995,2026-07-18,1,0,0,0,1,1,5,14,hop-cli-1,2026-09-27 15:08:36.188450
695,2026-05-26,1,0,1,0,0,0,0,8,hop-cli-1,2026-09-27 15:08:36.188451
600,2026-02-26,1,0,0,0,0,1,4,36,hop-cli-1,2026-09-27 15:08:36.188453
994,2026-07-23,1,0,1,0,0,0,0,2,hop-cli-1,2026-09-27 15:08:36.188454
259,2026-06-09,1,0,0,0,0,0,0,76,hop-cli-1,2026-09-27 15:08:36.188456
90,2026-01-17,1,1,0,0,0,0,0,27,hop-cli-1,2026-09-27 15:08:36.188532
624,2026-07-10,1,1,0,0,0,0,0,307,hop-cli-1,2026-09-27 15:08:36.188591
577,2026-02-02,1,0,0,0,0,1,5,864,hop-cli-1,2026-09-27 15:08:36.188596
589,2026-04-29,1,1,0,0,0,0,0,22,hop-cli-1,2026-09-27 15:08:36.188597
993,2026-07-27,1,0,0,0,1,1,5,15,hop-cli-1,2026-09-27 15:08:36.188599
137,2026-01-03,1,0,0,0,1,1,5,768,hop-cli-1,2026-09-27 15:08:36.188600
364,2026-08-11,1,0,1,0,0,0,0,1,hop-cli-1,2026-09-27 15:08:36.188602
622,2026-07-13,1,0,0,1,0,1,4,13,hop-cli-1,2026-09-27 15:08:36.188603
666,2026-02-18,1,0,0,0,0,0,0,363,hop-cli-1,2026-09-27 15:08:36.188604
41,2026-07-25,1,0,1,0,0,0,0,3,hop-cli-1,2026-09-27 15:08:36.188606
6,2026-02-16,1,1,0,0,0,0,0,12,hop-cli-1,2026-09-27 15:08:36.188607
713,2026-07-04,1,1,0,0,0,0,0,28,hop-cli-1,2026-09-27 15:08:36.188609
832,2026-07-27,1,0,0,0,0,0,0,36,hop-cli-1,2026-09-27 15:08:36.188610
165,2026-04-11,1,0,0,0,1,1,5,40,hop-cli-1,2026-09-27 15:08:36.188611
343,2026-02-19,1,0,0,1,0,1,5,57,hop-cli-1,2026-09-27 15:08:36.188613
243,2026-02-10,1,0,1,0,0,0,0,95,hop-cli-1,2026-09-27 15:08:36.188614
239,2026-08-03,1,1,0,0,0,0,0,54,hop-cli-1,2026-09-27 15:08:36.188616
203,2026-07-28,1,1,0,0,0,0,0,53,hop-cli-1,2026-09-27 15:08:36.188617
265,2026-02-24,1,0,0,0,0,1,4,35,hop-cli-1,2026-09-27 15:08:36.188619
132,2026-06-21,1,0,0,0,0,1,4,36,hop-cli-1,2026-09-27 15:08:36.188620
186,2026-04-30,1,0,1,0,0,0,0,4,hop-cli-1,2026-09-27 15:08:36.188621
901,2026-04-29,1,0,0,1,0,0,0,186,hop-cli-1,2026-09-27 15:08:36.188622
131,2026-03-06,1,0,0,0,0,1,4,35,hop-cli-1,2026-09-27 15:08:36.188624
309,2026-08-25,1,0,0,1,0,1,3,48,hop-cli-1,2026-09-27 15:08:36.188647
71,2026-04-06,1,1,0,0,0,0,0,9,hop-cli-1,2026-09-27 15:08:36.188651
791,2026-07-23,1,0,0,0,1,1,5,15,hop-cli-1,2026-09-27 15:08:36.188653
248,2026-02-17,1,1,0,0,0,0,0,20,hop-cli-1,2026-09-27 15:08:36.188655
64,2026-07-04,1,1,0,0,0,0,0,9,hop-cli-1,2026-09-27 15:08:36.188656
929,2026-05-26,1,0,0,1,0,1,5,20,hop-cli-1,2026-09-27 15:08:36.188657
565,2026-06-18,1,0,1,0,0,0,0,92,hop-cli-1,2026-09-27 15:08:36.188659
152,2026-02-18,1,0,0,0,0,0,0,1415,hop-cli-1,2026-09-27 15:08:36.188660
755,2026-02-15,1,1,0,0,0,0,0,1,hop-cli-1,2026-09-27 15:08:36.188662
638,2026-06-08,1,1,0,0,0,0,0,1,hop-cli-1,2026-09-27 15:08:36.188663
567,2026-02-11,1,0,1,0,0,0,0,5,hop-cli-1,2026-09-27 15:08:36.188664
28,2026-08-14,1,0,0,0,0,1,4,19,hop-cli-1,2026-09-27 15:08:36.188666
579,2026-06-09,1,0,0,0,1,1,5,24,hop-cli-1,2026-09-27 15:08:36.188667
52,2026-06-16,1,0,0,1,0,1,3,70,hop-cli-1,2026-09-27 15:08:36.188669
902,2026-04-09,1,0,1,0,0,0,0,2,hop-cli-1,2026-09-27 15:08:36.188670
910,2026-04-29,1,0,0,0,1,1,5,13,hop-cli-1,2026-09-27 15:08:36.188672
324,2026-02-27,1,0,0,0,0,0,0,23,hop-cli-1,2026-09-27 15:08:36.188673
76,2026-05-13,1,0,0,0,1,1,5,670,hop-cli-1,2026-09-27 15:08:36.188675
684,2026-07-31,1,1,0,0,0,0,0,21,hop-cli-1,2026-09-27 15:08:36.188676
202,2026-08-07,1,0,0,0,1,1,5,41,hop-cli-1,2026-09-27 15:08:36.188677
822,2026-07-08,1,1,0,0,0,0,0,118,hop-cli-1,2026-09-27 15:08:36.188679
238,2026-03-25,1,0,1,0,0,0,0,1,hop-cli-1,2026-09-27 15:08:36.188680
558,2026-05-05,1,0,0,0,0,0,0,10,hop-cli-1,2026-09-27 15:08:36.188682
553,2026-06-16,1,1,0,0,0,0,0,4,hop-cli-1,2026-09-27 15:08:36.188706
265,2026-03-15,1,0,0,1,0,1,4,45,hop-cli-1,2026-09-27 15:08:36.188709
76,2026-07-07,1,1,0,0,0,0,0,91,hop-cli-1,2026-09-27 15:08:36.188711
69,2026-02-05,1,0,0,0,0,0,0,282,hop-cli-1,2026-09-27 15:08:36.188713
366,2026-05-20,1,0,0,1,0,1,4,369,hop-cli-1,2026-09-27 15:08:36.188714
774,2026-04-08,1,1,0,0,0,0,0,9,hop-cli-1,2026-09-27 15:08:36.188716
691,2026-08-07,1,1,0,0,0,0,0,9,hop-cli-1,2026-09-27 15:08:36.188717
84,2026-05-13,1,0,0,1,0,0,0,105,hop-cli-1,2026-09-27 15:08:36.188719
471,2026-07-17,1,0,0,0,0,0,0,3,hop-cli-1,2026-09-27 15:08:36.188720
376,2026-03-30,1,1,0,0,0,0,0,1,hop-cli-1,2026-09-27 15:08:36.188721
563,2026-01-04,1,0,0,0,0,0,0,25,hop-cli-1,2026-09-27 15:08:36.188723
814,2026-08-21,1,1,0,0,0,0,0,22,hop-cli-1,2026-09-27 15:08:36.188724
368,2026-08-10,1,0,0,0,0,0,0,92,hop-cli-1,2026-09-27 15:08:36.188726
976,2026-04-27,1,0,0,0,1,1,5,17,hop-cli-1,2026-09-27 15:08:36.188727
596,2026-08-14,1,0,0,1,0,1,5,47,hop-cli-1,2026-09-27 15:08:36.188728
722,2026-04-29,1,1,0,0,0,0,0,13,hop-cli-1,2026-09-27 15:08:36.188730
936,2026-04-19,1,0,0,0,0,1,5,11,hop-cli-1,2026-09-27 15:08:36.188731
667,2026-02-26,1,1,0,0,0,0,0,76,hop-cli-1,2026-09-27 15:08:36.188733
245,2026-03-17,1,1,0,0,0,0,0,10,hop-cli-1,2026-09-27 15:08:36.188734
966,2026-05-11,1,0,1,0,0,0,0,1,hop-cli-1,2026-09-27 15:08:36.188736
515,2026-02-03,1,0,0,0,1,1,5,22,hop-cli-1,2026-09-27 15:08:36.188737
687,2026-07-21,1,0,1,0,0,0,0,58,hop-cli-1,2026-09-27 15:08:36.188738
876,2026-03-21,1,0,0,0,1,1,5,27,hop-cli-1,2026-09-27 15:08:36.188761
211,2026-08-09,1,0,1,0,0,0,0,3,hop-cli-1,2026-09-27 15:08:36.188765
200,2026-05-02,1,0,0,0,0,0,0,51,hop-cli-1,2026-09-27 15:08:36.188768
268,2026-03-09,1,0,0,1,0,1,5,34,hop-cli-1,2026-09-27 15:08:36.188770
707,2026-08-23,1,0,0,0,1,1,5,11,hop-cli-1,2026-09-27 15:08:36.188772
603,2026-05-02,1,0,0,0,0,1,2,551,hop-cli-1,2026-09-27 15:08:36.188773
268,2026-02-02,1,0,1,0,0,0,0,3,hop-cli-1,2026-09-27 15:08:36.188775
617,2026-07-25,1,0,1,0,0,0,0,10,hop-cli-1,2026-09-27 15:08:36.188776
271,2026-01-29,1,1,0,0,0,0,0,324,hop-cli-1,2026-09-27 15:08:36.188777
883,2026-06-04,1,0,0,0,1,1,5,517,hop-cli-1,2026-09-27 15:08:36.188779
519,2026-02-03,1,1,0,0,0,0,0,26,hop-cli-1,2026-09-27 15:08:36.188780
268,2026-05-20,1,0,1,0,0,0,0,1,hop-cli-1,2026-09-27 15:08:36.188782
204,2026-06-01,1,0,0,0,0,1,5,39,hop-cli-1,2026-09-27 15:08:36.188783
432,2026-07-21,1,0,0,0,0,0,0,34,hop-cli-1,2026-09-27 15:08:36.188785
979,2026-05-09,1,1,0,0,0,0,0,4,hop-cli-1,2026-09-27 15:08:36.188786
945,2026-08-21,1,1,0,0,0,0,0,821,hop-cli-1,2026-09-27 15:08:36.188787
770,2026-08-19,1,0,0,0,0,1,5,16,hop-cli-1,2026-09-27 15:08:36.188789
59,2026-02-20,1,1,0,0,0,0,0,21,hop-cli-1,2026-09-27 15:08:36.188790
383,2026-06-12,1,0,1,0,0,0,0,55,hop-cli-1,2026-09-27 15:08:36.188791
628,2026-05-09,1,0,1,0,0,0,0,7,hop-cli-1,2026-09-27 15:08:36.188792
66,2026-04-08,1,0,1,0,0,0,0,3,hop-cli-1,2026-09-27 15:08:36.188858
531,2026-07-31,1,1,0,0,0,0,0,15,hop-cli-1,2026-09-27 15:08:36.188861
301,2026-05-18,1,1,0,0,0,0,0,26,hop-cli-1,2026-09-27 15:08:36.188893
982,2026-06-18,1,0,0,1,0,1,5,39,hop-cli-1,2026-09-27 15:08:36.188896
526,2026-03-04,1,0,0,0,0,0,0,2,hop-cli-1,2026-09-27 15:08:36.188898
1000,2026-05-09,1,0,1,0,0,0,0,1,hop-cli-1,2026-09-27 15:08:36.188900
662,2026-05-02,1,1,0,0,0,0,0,5,hop-cli-1,2026-09-27 15:08:36.188901
935,2026-03-21,1,0,1,0,0,0,0,9,hop-cli-1,2026-09-27 15:08:36.188903
97,2026-02-17,1,1,0,0,0,0,0,833,hop-cli-1,2026-09-27 15:08:36.188904
753,2026-06-16,1,1,0,0,0,0,0,2,hop-cli-1,2026-09-27 15:08:36.188905
357,2026-02-16,1,0,0,0,0,1,5,21,hop-cli-1,2026-09-27 15:08:36.188907
625,2026-01-08,1,1,0,0,0,0,0,62,hop-cli-1,2026-09-27 15:08:36.188908
523,2026-02-24,1,0,0,1,0,1,4,51,hop-cli-1,2026-09-27 15:08:36.188910
97,2026-05-08,1,1,0,0,0,0,0,1501,hop-cli-1,2026-09-27 15:08:36.188911
684,2026-08-18,1,0,1,0,0,0,0,3,hop-cli-1,2026-09-27 15:08:36.188913
52,2026-06-27,1,0,0,0,0,1,2,68,hop-cli-1,2026-09-27 15:08:36.188914
295,2026-07-25,1,0,1,0,0,0,0,1,hop-cli-1,2026-09-27 15:08:36.188916
269,2026-02-21,1,1,0,0,0,0,0,186,hop-cli-1,2026-09-27 15:08:36.188917
193,2026-07-12,1,0,0,1,0,1,3,30,hop-cli-1,2026-09-27 15:08:36.188918
868,2026-02-05,1,0,1,0,0,0,0,187,hop-cli-1,2026-09-27 15:08:36.188920
452,2026-07-31,1,0,0,0,0,0,0,42,hop-cli-1,2026-09-27 15:08:36.188922
581,2026-01-17,1,1,0,0,0,0,0,748,hop-cli-1,2026-09-27 15:08:36.188923
343,2026-04-19,1,1,0,0,0,0,0,17,hop-cli-1,2026-09-27 15:08:36.188925
711,2026-01-03,1,0,0,1,0,1,5,341,hop-cli-1,2026-09-27 15:08:36.188926
72,2026-06-22,1,0,0,0,1,1,5,8,hop-cli-1,2026-09-27 15:08:36.188948
811,2026-06-19,1,0,1,0,0,0,0,19,hop-cli-1,2026-09-27 15:08:36.188953
50,2026-07-29,1,0,1,0,0,0,0,4,hop-cli-1,2026-09-27 15:08:36.188955
868,2026-06-02,1,0,1,0,0,0,0,106,hop-cli-1,2026-09-27 15:08:36.188957
278,2026-06-14,1,1,0,0,0,0,0,10,hop-cli-1,2026-09-27 15:08:36.188958
7,2026-07-23,1,0,1,0,0,0,0,9,hop-cli-1,2026-09-27 15:08:36.188959
879,2026-07-30,1,1,0,0,0,0,0,749,hop-cli-1,2026-09-27 15:08:36.188961
331,2026-03-23,1,0,1,0,0,0,0,3,hop-cli-1,2026-09-27 15:08:36.188962
136,2026-04-12,1,0,0,1,0,1,5,33,hop-cli-1,2026-09-27 15:08:36.188964
9,2026-05-29,1,0,1,0,0,0,0,4,hop-cli-1,2026-09-27 15:08:36.188965
641,2026-04-19,1,0,0,1,0,1,4,640,hop-cli-1,2026-09-27 15:08:36.188967
543,2026-05-11,1,0,0,1,0,1,5,62,hop-cli-1,2026-09-27 15:08:36.188968
203,2026-06-07,1,0,0,0,1,1,5,45,hop-cli-1,2026-09-27 15:08:36.188970
543,2026-01-15,1,1,0,0,0,0,0,12,hop-cli-1,2026-09-27 15:08:36.188971
355,2026-05-20,1,0,0,0,0,1,4,811,hop-cli-1,2026-09-27 15:08:36.188973
670,2026-02-02,1,0,1,0,0,0,0,2,hop-cli-1,2026-09-27 15:08:36.188974
653,2026-04-09,1,1,0,0,0,0,0,9,hop-cli-1,2026-09-27 15:08:36.188976
995,2026-06-22,1,0,0,0,1,1,5,15,hop-cli-1,2026-09-27 15:08:36.188977
77,2026-04-12,1,0,0,0,0,0,0,61,hop-cli-1,2026-09-27 15:08:36.188979
292,2026-06-03,1,1,0,0,0,0,0,6,hop-cli-1,2026-09-27 15:08:36.188980
332,2026-02-23,1,1,0,0,0,0,0,3,hop-cli-1,2026-09-27 15:08:36.188982
547,2026-02-22,1,1,0,0,0,0,0,4,hop-cli-1,2026-09-27 15:08:36.188983
806,2026-02-09,1,0,0,1,0,1,3,78,hop-cli-1,2026-09-27 15:08:36.189009
725,2026-04-11,1,0,0,0,0,1,4,31,hop-cli-1,2026-09-27 15:08:36.189015
738,2026-01-02,1,0,0,0,0,0,0,49,hop-cli-1,2026-09-27 15:08:36.189017
889,2026-06-08,1,0,1,0,0,0,0,1,hop-cli-1,2026-09-27 15:08:36.189019
910,2026-04-01,1,0,0,1,0,1,3,24,hop-cli-1,2026-09-27 15:08:36.189020
826,2026-05-24,1,0,0,0,1,1,5,19,hop-cli-1,2026-09-27 15:08:36.189022
582,2026-02-09,1,0,0,1,0,1,5,25,hop-cli-1,2026-09-27 15:08:36.189023
505,2026-06-18,1,1,0,0,0,0,0,19,hop-cli-1,2026-09-27 15:08:36.189025
412,2026-06-29,1,1,0,0,0,0,0,22,hop-cli-1,2026-09-27 15:08:36.189026
262,2026-03-13,1,0,0,1,0,1,5,1047,hop-cli-1,2026-09-27 15:08:36.189248
101,2026-05-18,1,0,1,0,0,0,0,5,hop-cli-1,2026-09-27 15:08:36.189253
614,2026-06-29,1,0,0,0,1,1,5,23,hop-cli-1,2026-09-27 15:08:36.189255
155,2026-02-11,1,0,0,1,0,1,5,1250,hop-cli-1,2026-09-27 15:08:36.189257
946,2026-03-09,1,1,0,0,0,0,0,67,hop-cli-1,2026-09-27 15:08:36.189258
656,2026-01-22,1,0,0,1,0,1,4,42,hop-cli-1,2026-09-27 15:08:36.189260
206,2026-03-24,1,0,0,0,1,1,5,202,hop-cli-1,2026-09-27 15:08:36.189262
598,2026-08-07,1,0,1,0,0,0,0,2,hop-cli-1,2026-09-27 15:08:36.189263
203,2026-02-09,1,0,0,0,1,1,5,49,hop-cli-1,2026-09-27 15:08:36.189265
379,2026-02-18,1,0,0,0,1,1,5,514,hop-cli-1,2026-09-27 15:08:36.189288
585,2026-04-09,1,0,0,0,0,0,0,4,hop-cli-1,2026-09-27 15:08:36.189291
55,2026-02-28,1,1,0,0,0,0,0,3,hop-cli-1,2026-09-27 15:08:36.189293
711,2026-03-13,1,0,0,1,0,1,5,341,hop-cli-1,2026-09-27 15:08:36.189295
570,2026-07-26,1,0,0,1,0,1,5,12,hop-cli-1,2026-09-27 15:08:36.189296
682,2026-05-26,1,0,1,0,0,0,0,1,hop-cli-1,2026-09-27 15:08:36.189298
523,2026-02-12,1,0,1,0,0,0,0,7,hop-cli-1,2026-09-27 15:08:36.189299
292,2026-02-01,1,1,0,0,0,0,0,9,hop-cli-1,2026-09-27 15:08:36.189301
383,2026-01-21,1,0,0,1,0,1,5,632,hop-cli-1,2026-09-27 15:08:36.189303
694,2026-01-08,1,0,1,0,0,0,0,103,hop-cli-1,2026-09-27 15:08:36.189304
206,2026-01-23,1,0,0,0,1,1,5,230,hop-cli-1,2026-09-27 15:08:36.189306
330,2026-04-01,1,1,0,0,0,0,0,32,hop-cli-1,2026-09-27 15:08:36.189307
940,2026-01-19,1,0,0,0,1,1,5,35,hop-cli-1,2026-09-27 15:08:36.189309
532,2026-06-12,1,0,1,0,0,0,0,15,hop-cli-1,2026-09-27 15:08:36.189311
707,2026-08-15,1,0,1,0,0,0,0,1,hop-cli-1,2026-09-27 15:08:36.189312
359,2026-01-31,1,0,0,0,1,1,5,567,hop-cli-1,2026-09-27 15:08:36.189314
473,2026-03-25,1,1,0,0,0,0,0,462,hop-cli-1,2026-09-27 15:08:36.189316
689,2026-07-23,1,0,0,0,0,0,0,53,hop-cli-1,2026-09-27 15:08:36.189317
913,2026-04-26,1,0,0,1,0,1,4,2125,hop-cli-1,2026-09-27 15:08:36.189318
690,2026-04-09,2,0,1,0,1,1,5,11,hop-cli-1,2026-09-27 15:08:36.189320
15,2026-06-04,1,0,1,0,0,0,0,163,hop-cli-1,2026-09-27 15:08:36.189321
984,2026-05-12,1,0,1,0,0,0,0,1,hop-cli-1,2026-09-27 15:08:36.189323
260,2026-04-27,1,0,0,1,0,1,5,61,hop-cli-1,2026-09-27 15:08:36.189353
81,2026-06-08,1,1,0,0,0,0,0,390,hop-cli-1,2026-09-27 15:08:36.189357
725,2026-06-01,1,0,0,0,1,1,5,21,hop-cli-1,2026-09-27 15:08:36.189858
310,2026-05-02,1,1,0,0,0,0,0,4,hop-cli-1,2026-09-27 15:08:36.189862
631,2026-01-24,1,0,0,0,1,1,5,8,hop-cli-1,2026-09-27 15:08:36.189864
37,2026-05-16,1,1,0,0,0,0,0,26,hop-cli-1,2026-09-27 15:08:36.189866
74,2026-06-12,1,1,0,0,0,0,0,23,hop-cli-1,2026-09-27 15:08:36.189867
334,2026-04-30,1,1,0,0,0,0,0,11,hop-cli-1,2026-09-27 15:08:36.189869
463,2026-08-25,1,0,0,0,1,1,5,16,hop-cli-1,2026-09-27 15:08:36.189871
185,2026-07-13,1,1,0,0,0,0,0,20,hop-cli-1,2026-09-27 15:08:36.189872
192,2026-03-31,1,1,0,0,0,0,0,200,hop-cli-1,2026-09-27 15:08:36.189874
810,2026-06-24,1,0,0,0,0,1,5,92,hop-cli-1,2026-09-27 15:08:36.189875
270,2026-02-10,1,1,0,0,0,0,0,11,hop-cli-1,2026-09-27 15:08:36.189877
501,2026-04-20,1,0,0,1,0,1,4,33,hop-cli-1,2026-09-27 15:08:36.189878
489,2026-02-14,1,0,0,0,1,1,5,14,hop-cli-1,2026-09-27 15:08:36.189880
465,2026-03-23,1,0,0,0,1,1,5,12,hop-cli-1,2026-09-27 15:08:36.190008
260,2026-07-14,1,1,0,0,0,0,0,23,hop-cli-1,2026-09-27 15:08:36.190013
778,2026-01-12,1,0,1,0,0,0,0,64,hop-cli-1,2026-09-27 15:08:36.190015
802,2026-07-01,1,1,0,0,0,0,0,30,hop-cli-1,2026-09-27 15:08:36.190017
636,2026-02-14,1,1,0,0,0,0,0,7,hop-cli-1,2026-09-27 15:08:36.190019
384,2026-06-22,1,0,0,0,1,1,5,2347,hop-cli-1,2026-09-27 15:08:36.190020
78,2026-07-15,1,0,0,0,0,1,5,57,hop-cli-1,2026-09-27 15:08:36.190022
173,2026-01-14,1,1,0,0,0,0,0,25,hop-cli-1,2026-09-27 15:08:36.190023
610,2026-02-11,1,0,0,0,0,1,4,56,hop-cli-1,2026-09-27 15:08:36.190025
225,2026-02-13,1,0,1,0,0,0,0,37,hop-cli-1,2026-09-27 15:08:36.190027
87,2026-05-08,1,0,0,0,0,0,0,53,hop-cli-1,2026-09-27 15:08:36.190028
427,2026-01-24,1,1,0,0,0,0,0,3,hop-cli-1,2026-09-27 15:08:36.190055
877,2026-01-25,1,0,1,0,0,0,0,4,hop-cli-1,2026-09-27 15:08:36.190060
278,2026-03-12,1,0,1,0,0,0,0,4,hop-cli-1,2026-09-27 15:08:36.190062
444,2026-06-14,1,0,0,0,0,1,3,60,hop-cli-1,2026-09-27 15:08:36.190064
534,2026-07-11,1,0,1,0,0,0,0,4,hop-cli-1,2026-09-27 15:08:36.190066
188,2026-04-12,1,0,0,0,1,1,5,431,hop-cli-1,2026-09-27 15:08:36.190067
98,2026-01-17,1,0,1,0,0,0,0,2,hop-cli-1,2026-09-27 15:08:36.190069
339,2026-08-06,1,0,0,0,0,0,0,177,hop-cli-1,2026-09-27 15:08:36.190070
8,2026-03-10,2,0,1,0,0,1,3,675,hop-cli-1,2026-09-27 15:08:36.190072
717,2026-08-10,1,0,1,0,0,0,0,2,hop-cli-1,2026-09-27 15:08:36.190074
952,2026-07-31,1,0,0,0,1,1,5,27,hop-cli-1,2026-09-27 15:08:36.190075
46,2026-04-26,1,0,1,0,0,0,0,4,hop-cli-1,2026-09-27 15:08:36.190077
724,2026-08-01,1,0,0,1,0,1,3,14,hop-cli-1,2026-09-27 15:08:36.190078
242,2026-03-09,1,0,0,0,0,0,0,51,hop-cli-1,2026-09-27 15:08:36.190080
453,2026-03-24,1,1,0,0,0,0,0,280,hop-cli-1,2026-09-27 15:08:36.190081
14,2026-04-07,1,1,0,0,0,0,0,22,hop-cli-1,2026-09-27 15:08:36.190083
534,2026-01-11,1,1,0,0,0,0,0,13,hop-cli-1,2026-09-27 15:08:36.190084
837,2026-05-03,1,0,0,0,1,1,5,39,hop-cli-1,2026-09-27 15:08:36.190086
756,2026-04-03,1,0,0,0,0,1,3,59,hop-cli-1,2026-09-27 15:08:36.190087
356,2026-06-30,1,0,0,1,0,1,3,1146,hop-cli-1,2026-09-27 15:08:36.190089
983,2026-07-22,1,0,0,1,0,1,4,6,hop-cli-1,2026-09-27 15:08:36.190090
166,2026-05-14,1,1,0,0,0,0,0,2,hop-cli-1,2026-09-27 15:08:36.190092
872,2026-03-01,1,0,1,0,0,0,0,1,hop-cli-1,2026-09-27 15:08:36.190113
627,2026-08-16,1,0,0,1,0,1,3,60,hop-cli-1,2026-09-27 15:08:36.190118
22,2026-07-30,1,1,0,0,0,0,0,25,hop-cli-1,2026-09-27 15:08:36.190120
782,2026-01-06,1,0,1,0,0,0,0,1,hop-cli-1,2026-09-27 15:08:36.190121
274,2026-06-22,1,1,0,0,0,0,0,4,hop-cli-1,2026-09-27 15:08:36.190123
524,2026-02-03,1,0,1,0,0,0,0,1,hop-cli-1,2026-09-27 15:08:36.190124
604,2026-06-18,1,0,0,1,0,1,5,29,hop-cli-1,2026-09-27 15:08:36.190126
315,2026-05-05,1,0,0,0,0,1,5,68,hop-cli-1,2026-09-27 15:08:36.190127
163,2026-02-10,1,0,0,0,1,1,5,22,hop-cli-1,2026-09-27 15:08:36.190129
116,2026-04-28,1,0,1,0,0,0,0,2,hop-cli-1,2026-09-27 15:08:36.190131
238,2026-06-24,1,0,1,0,0,0,0,5,hop-cli-1,2026-09-27 15:08:36.190132
412,2026-07-18,1,0,0,0,1,1,5,33,hop-cli-1,2026-09-27 15:08:36.190133
86,2026-02-14,1,1,0,0,0,0,0,27,hop-cli-1,2026-09-27 15:08:36.190135
338,2026-04-01,1,0,0,0,1,1,5,907,hop-cli-1,2026-09-27 15:08:36.190136
206,2026-04-24,1,0,0,0,0,0,0,153,hop-cli-1,2026-09-27 15:08:36.190138
179,2026-07-05,1,1,0,0,0,0,0,1088,hop-cli-1,2026-09-27 15:08:36.190140
298,2026-03-09,1,1,0,0,0,0,0,22,hop-cli-1,2026-09-27 15:08:36.190141
306,2026-06-21,1,0,0,1,0,1,3,52,hop-cli-1,2026-09-27 15:08:36.190143
364,2026-05-09,1,1,0,0,0,0,0,11,hop-cli-1,2026-09-27 15:08:36.190144
545,2026-04-18,1,0,0,0,1,1,5,26,hop-cli-1,2026-09-27 15:08:36.190146
534,2026-03-24,1,0,1,0,0,0,0,3,hop-cli-1,2026-09-27 15:08:36.190147
395,2026-02-19,1,1,0,0,0,0,0,2,hop-cli-1,2026-09-27 15:08:36.190149
828,2026-02-21,1,1,0,0,0,0,0,15,hop-cli-1,2026-09-27 15:08:36.190150
688,2026-03-14,1,0,0,0,1,1,5,17,hop-cli-1,2026-09-27 15:08:36.190178
689,2026-02-10,1,0,0,0,1,1,5,51,hop-cli-1,2026-09-27 15:08:36.190182
246,2026-01-29,1,0,0,0,0,0,0,10,hop-cli-1,2026-09-27 15:08:36.190183
243,2026-08-17,1,0,1,0,0,0,0,229,hop-cli-1,2026-09-27 15:08:36.190185
186,2026-08-02,1,0,0,0,0,1,4,18,hop-cli-1,2026-09-27 15:08:36.190186
524,2026-05-31,1,1,0,0,0,0,0,22,hop-cli-1,2026-09-27 15:08:36.190188
74,2026-06-04,1,0,1,0,0,0,0,7,hop-cli-1,2026-09-27 15:08:36.190190
130,2026-06-02,1,1,0,0,0,0,0,146,hop-cli-1,2026-09-27 15:08:36.190191
474,2026-05-25,1,1,0,0,0,0,0,12,hop-cli-1,2026-09-27 15:08:36.190193
921,2026-07-17,1,0,1,0,0,0,0,1,hop-cli-1,2026-09-27 15:08:36.190194
762,2026-02-13,1,0,0,1,0,1,3,609,hop-cli-1,2026-09-27 15:08:36.190196
820,2026-05-18,1,0,0,1,0,1,5,70,hop-cli-1,2026-09-27 15:08:36.190197
249,2026-08-11,1,1,0,0,0,0,0,3,hop-cli-1,2026-09-27 15:08:36.190199
265,2026-08-14,1,1,0,0,0,0,0,13,hop-cli-1,2026-09-27 15:08:36.190200
600,2026-02-17,1,0,0,0,1,1,5,49,hop-cli-1,2026-09-27 15:08:36.190202
848,2026-06-05,1,1,0,0,0,0,0,49,hop-cli-1,2026-09-27 15:08:36.190203
241,2026-04-14,1,0,0,0,0,0,0,47,hop-cli-1,2026-09-27 15:08:36.190205
38,2026-01-16,1,1,0,0,0,0,0,4,hop-cli-1,2026-09-27 15:08:36.190206
25,2026-04-10,1,0,0,0,0,0,0,69,hop-cli-1,2026-09-27 15:08:36.190208
812,2026-01-01,1,0,0,0,1,1,5,20,hop-cli-1,2026-09-27 15:08:36.190529
118,2026-05-11,1,0,0,0,0,0,0,43,hop-cli-1,2026-09-27 15:08:36.190532
532,2026-03-20,1,0,0,1,0,0,0,429,hop-cli-1,2026-09-27 15:08:36.190535
985,2026-06-03,1,0,1,0,0,0,0,2,hop-cli-1,2026-09-27 15:08:36.190558
505,2026-04-23,1,0,0,1,0,1,4,26,hop-cli-1,2026-09-27 15:08:36.190561
718,2026-04-15,1,1,0,0,0,0,0,40,hop-cli-1,2026-09-27 15:08:36.190563
596,2026-02-26,1,0,0,0,0,1,3,43,hop-cli-1,2026-09-27 15:08:36.190565
550,2026-08-16,1,1,0,0,0,0,0,11,hop-cli-1,2026-09-27 15:08:36.190567
562,2026-03-02,1,1,0,0,0,0,0,2,hop-cli-1,2026-09-27 15:08:36.190569
693,2026-05-03,1,0,0,0,1,1,5,133,hop-cli-1,2026-09-27 15:08:36.190570
617,2026-08-20,1,0,0,0,1,1,5,52,hop-cli-1,2026-09-27 15:08:36.190572
425,2026-02-16,1,0,0,1,0,1,5,27,hop-cli-1,2026-09-27 15:08:36.190573
843,2026-06-02,1,1,0,0,0,0,0,18,hop-cli-1,2026-09-27 15:08:36.190575
348,2026-05-05,1,0,0,1,0,1,5,13,hop-cli-1,2026-09-27 15:08:36.190576
881,2026-07-15,1,1,0,0,0,0,0,18,hop-cli-1,2026-09-27 15:08:36.190578
963,2026-07-16,1,0,0,0,0,1,5,52,hop-cli-1,2026-09-27 15:08:36.190579
288,2026-01-04,1,0,0,0,1,1,5,6,hop-cli-1,2026-09-27 15:08:36.190581
634,2026-08-22,1,0,0,1,0,1,4,10,hop-cli-1,2026-09-27 15:08:36.190582
644,2026-01-23,1,1,0,0,0,0,0,25,hop-cli-1,2026-09-27 15:08:36.190584
723,2026-04-24,1,0,0,0,0,1,3,716,hop-cli-1,2026-09-27 15:08:36.190585
413,2026-04-08,1,1,0,0,0,0,0,34,hop-cli-1,2026-09-27 15:08:36.190587
111,2026-08-06,1,0,0,0,0,1,5,35,hop-cli-1,2026-09-27 15:08:36.190588
745,2026-01-28,1,1,0,0,0,0,0,11,hop-cli-1,2026-09-27 15:08:36.190590
622,2026-01-09,1,0,0,0,0,0,0,6,hop-cli-1,2026-09-27 15:08:36.190592
813,2026-07-25,1,0,0,1,0,1,3,82,hop-cli-1,2026-09-27 15:08:36.190593
558,2026-05-28,1,0,1,0,0,0,0,1,hop-cli-1,2026-09-27 15:08:36.190622
218,2026-02-05,1,0,0,1,0,0,0,23,hop-cli-1,2026-09-27 15:08:36.190625
672,2026-05-16,1,0,0,0,1,1,5,16,hop-cli-1,2026-09-27 15:08:36.190628
898,2026-03-26,1,0,1,0,0,0,0,1,hop-cli-1,2026-09-27 15:08:36.190629
888,2026-06-30,1,0,1,0,0,0,0,1,hop-cli-1,2026-09-27 15:08:36.190631
827,2026-03-09,1,1,0,0,0,0,0,416,hop-cli-1,2026-09-27 15:08:36.190632
889,2026-02-07,1,0,0,0,1,1,5,29,hop-cli-1,2026-09-27 15:08:36.190634
310,2026-01-31,1,0,0,1,0,1,3,49,hop-cli-1,2026-09-27 15:08:36.190635
712,2026-06-24,1,1,0,0,0,0,0,5,hop-cli-1,2026-09-27 15:08:36.190637
362,2026-01-12,1,0,1,0,0,0,0,1,hop-cli-1,2026-09-27 15:08:36.190638
650,2026-04-02,1,0,0,0,1,1,5,145,hop-cli-1,2026-09-27 15:08:36.190639
421,2026-03-23,1,0,1,0,0,0,0,34,hop-cli-1,2026-09-27 15:08:36.190641
458,2026-03-22,1,0,0,0,0,0,0,944,hop-cli-1,2026-09-27 15:08:36.190643
266,2026-02-07,1,0,0,0,0,0,0,109,hop-cli-1,2026-09-27 15:08:36.190644
707,2026-04-29,1,1,0,0,0,0,0,5,hop-cli-1,2026-09-27 15:08:36.190645
493,2026-03-27,1,1,0,0,0,0,0,346,hop-cli-1,2026-09-27 15:08:36.190647
823,2026-05-21,1,1,0,0,0,0,0,3,hop-cli-1,2026-09-27 15:08:36.190649
159,2026-06-07,1,0,1,0,0,0,0,1,hop-cli-1,2026-09-27 15:08:36.190650
780,2026-07-13,1,1,0,0,0,0,0,215,hop-cli-1,2026-09-27 15:08:36.190652
387,2026-03-23,1,1,0,0,0,0,0,145,hop-cli-1,2026-09-27 15:08:36.190657
919,2026-01-27,1,1,0,0,0,0,0,7,hop-cli-1,2026-09-27 15:08:36.190659
299,2026-06-06,1,0,0,0,0,1,4,43,hop-cli-1,2026-09-27 15:08:36.190660
680,2026-05-13,1,0,0,0,0,0,0,463,hop-cli-1,2026-09-27 15:08:36.190681
713,2026-01-22,1,0,0,1,0,1,5,60,hop-cli-1,2026-09-27 15:08:36.190685
853,2026-05-10,1,0,0,0,1,1,5,14,hop-cli-1,2026-09-27 15:08:36.190687
483,2026-02-10,1,1,0,0,0,0,0,10,hop-cli-1,2026-09-27 15:08:36.190689
895,2026-05-28,1,0,1,0,0,0,0,3,hop-cli-1,2026-09-27 15:08:36.190690
226,2026-08-11,1,0,0,1,0,1,4,18,hop-cli-1,2026-09-27 15:08:36.190692
10,2026-01-14,1,1,0,0,0,0,0,10,hop-cli-1,2026-09-27 15:08:36.190693
190,2026-07-15,1,0,0,0,0,0,0,218,hop-cli-1,2026-09-27 15:08:36.190695
418,2026-08-15,1,0,0,0,0,1,3,54,hop-cli-1,2026-09-27 15:08:36.190696
74,2026-03-26,1,1,0,0,0,0,0,31,hop-cli-1,2026-09-27 15:08:36.190698
996,2026-04-19,1,1,0,0,0,0,0,57,hop-cli-1,2026-09-27 15:08:36.190699
723,2026-08-24,1,0,1,0,0,0,0,42,hop-cli-1,2026-09-27 15:08:36.190701
95,2026-05-08,1,1,0,0,0,0,0,235,hop-cli-1,2026-09-27 15:08:36.190702
677,2026-05-31,1,1,0,0,0,0,0,13,hop-cli-1,2026-09-27 15:08:36.190704
747,2026-03-12,1,1,0,0,0,0,0,258,hop-cli-1,2026-09-27 15:08:36.190706
601,2026-05-08,1,1,0,0,0,0,0,11,hop-cli-1,2026-09-27 15:08:36.190707
935,2026-08-10,1,0,0,1,0,1,4,77,hop-cli-1,2026-09-27 15:08:36.190709
785,2026-07-19,1,0,0,0,0,1,3,7,hop-cli-1,2026-09-27 15:08:36.190710
94,2026-06-22,1,0,1,0,0,0,0,13,hop-cli-1,2026-09-27 15:08:36.190712
838,2026-02-25,1,1,0,0,0,0,0,367,hop-cli-1,2026-09-27 15:08:36.190713
461,2026-02-23,1,1,0,0,0,0,0,825,hop-cli-1,2026-09-27 15:08:36.190715
612,2026-02-06,1,0,0,0,0,1,5,28,hop-cli-1,2026-09-27 15:08:36.190716
669,2026-05-17,1,0,0,0,1,1,5,30,hop-cli-1,2026-09-27 15:08:36.190743
147,2026-01-24,1,0,1,0,0,0,0,2,hop-cli-1,2026-09-27 15:08:36.190748
118,2026-05-01,1,1,0,0,0,0,0,64,hop-cli-1,2026-09-27 15:08:36.190750
770,2026-01-11,1,0,0,0,0,0,0,17,hop-cli-1,2026-09-27 15:08:36.190751
154,2026-07-05,1,0,0,0,1,1,5,14,hop-cli-1,2026-09-27 15:08:36.190753
207,2026-01-09,1,0,0,0,1,1,5,16,hop-cli-1,2026-09-27 15:08:36.190754
592,2026-07-19,1,0,1,0,0,0,0,68,hop-cli-1,2026-09-27 15:08:36.190756
671,2026-03-21,1,0,1,0,0,0,0,2,hop-cli-1,2026-09-27 15:08:36.190757
951,2026-01-16,1,0,0,0,1,1,5,39,hop-cli-1,2026-09-27 15:08:36.190759
701,2026-01-27,1,0,0,1,0,0,0,79,hop-cli-1,2026-09-27 15:08:36.190760
585,2026-04-11,1,0,0,0,0,1,1,5,hop-cli-1,2026-09-27 15:08:36.190762
27,2026-02-11,1,1,0,0,0,0,0,24,hop-cli-1,2026-09-27 15:08:36.190763
241,2026-06-01,1,1,0,0,0,0,0,43,hop-cli-1,2026-09-27 15:08:36.190765
892,2026-01-11,1,0,0,1,0,1,5,70,hop-cli-1,2026-09-27 15:08:36.190766
311,2026-06-29,1,0,0,0,1,1,5,860,hop-cli-1,2026-09-27 15:08:36.190768
287,2026-04-22,1,0,0,0,0,0,0,27,hop-cli-1,2026-09-27 15:08:36.190769
788,2026-02-20,1,1,0,0,0,0,0,3,hop-cli-1,2026-09-27 15:08:36.190771
860,2026-01-09,1,0,1,0,0,0,0,87,hop-cli-1,2026-09-27 15:08:36.190772
947,2026-01-15,1,0,1,0,0,0,0,166,hop-cli-1,2026-09-27 15:08:36.190774
159,2026-02-21,1,1,0,0,0,0,0,8,hop-cli-1,2026-09-27 15:08:36.191009
758,2026-03-08,1,1,0,0,0,0,0,5,hop-cli-1,2026-09-27 15:08:36.191016
401,2026-06-25,1,1,0,0,0,0,0,8,hop-cli-1,2026-09-27 15:08:36.191018
219,2026-01-11,1,0,1,0,0,0,0,1,hop-cli-1,2026-09-27 15:08:36.191019
458,2026-03-28,1,0,0,0,1,1,5,887,hop-cli-1,2026-09-27 15:08:36.191042
157,2026-03-29,1,0,0,1,0,1,4,16,hop-cli-1,2026-09-27 15:08:36.191045
690,2026-04-16,1,1,0,0,0,0,0,3,hop-cli-1,2026-09-27 15:08:36.191047
249,2026-02-27,1,0,0,0,1,1,5,9,hop-cli-1,2026-09-27 15:08:36.191048
869,2026-08-14,1,1,0,0,0,0,0,7,hop-cli-1,2026-09-27 15:08:36.191050
201,2026-06-28,1,1,0,0,0,0,0,33,hop-cli-1,2026-09-27 15:08:36.191051
313,2026-05-28,1,1,0,0,0,0,0,90,hop-cli-1,2026-09-27 15:08:36.191053
95,2026-02-21,1,1,0,0,0,0,0,469,hop-cli-1,2026-09-27 15:08:36.191054
200,2026-02-14,1,0,0,1,0,1,5,65,hop-cli-1,2026-09-27 15:08:36.191056
745,2026-07-04,1,1,0,0,0,0,0,8,hop-cli-1,2026-09-27 15:08:36.191058
166,2026-02-21,1,0,0,1,0,1,5,7,hop-cli-1,2026-09-27 15:08:36.191059
660,2026-02-23,1,1,0,0,0,0,0,30,hop-cli-1,2026-09-27 15:08:36.191061
829,2026-06-25,1,1,0,0,0,0,0,20,hop-cli-1,2026-09-27 15:08:36.191062
904,2026-04-16,1,1,0,0,0,0,0,9,hop-cli-1,2026-09-27 15:08:36.191064
679,2026-07-18,1,1,0,0,0,0,0,2,hop-cli-1,2026-09-27 15:08:36.191065
482,2026-01-16,1,0,0,1,0,1,5,83,hop-cli-1,2026-09-27 15:08:36.191067
624,2026-04-07,1,0,0,0,0,1,5,996,hop-cli-1,2026-09-27 15:08:36.191068
935,2026-04-06,1,0,0,0,0,0,0,42,hop-cli-1,2026-09-27 15:08:36.191070
695,2026-07-19,1,0,1,0,0,0,0,4,hop-cli-1,2026-09-27 15:08:36.191071
55,2026-06-08,1,0,0,0,0,1,5,28,hop-cli-1,2026-09-27 15:08:36.191073
91,2026-07-29,1,1,0,0,0,0,0,15,hop-cli-1,2026-09-27 15:08:36.191074
313,2026-08-15,1,0,0,0,0,0,0,101,hop-cli-1,2026-09-27 15:08:36.191076
125,2026-02-12,1,1,0,0,0,0,0,33,hop-cli-1,2026-09-27 15:08:36.191103
124,2026-01-19,1,0,0,1,0,1,5,89,hop-cli-1,2026-09-27 15:08:36.191107
945,2026-06-05,1,0,0,0,1,1,5,798,hop-cli-1,2026-09-27 15:08:36.191108
69,2026-01-11,1,1,0,0,0,0,0,67,hop-cli-1,2026-09-27 15:08:36.191110
996,2026-02-18,1,1,0,0,0,0,0,35,hop-cli-1,2026-09-27 15:08:36.191112
729,2026-07-09,1,0,0,0,1,1,5,33,hop-cli-1,2026-09-27 15:08:36.191113
412,2026-07-11,1,0,0,0,1,1,5,26,hop-cli-1,2026-09-27 15:08:36.191115
418,2026-01-04,1,0,0,0,0,0,0,44,hop-cli-1,2026-09-27 15:08:36.191116
385,2026-08-09,1,1,0,0,0,0,0,51,hop-cli-1,2026-09-27 15:08:36.191118
420,2026-02-11,1,0,0,0,0,0,0,22,hop-cli-1,2026-09-27 15:08:36.191119
448,2026-07-10,1,0,0,0,0,1,4,176,hop-cli-1,2026-09-27 15:08:36.191121
152,2026-04-10,1,0,0,0,1,1,5,894,hop-cli-1,2026-09-27 15:08:36.191122
649,2026-03-11,1,0,1,0,0,0,0,7,hop-cli-1,2026-09-27 15:08:36.191124
472,2026-08-23,1,0,1,0,0,0,0,60,hop-cli-1,2026-09-27 15:08:36.191125
765,2026-01-13,1,1,0,0,0,0,0,432,hop-cli-1,2026-09-27 15:08:36.191127
859,2026-01-28,1,0,0,0,1,1,5,32,hop-cli-1,2026-09-27 15:08:36.191128
72,2026-06-07,1,0,0,0,0,0,0,19,hop-cli-1,2026-09-27 15:08:36.191130
61,2026-01-22,1,0,0,0,1,1,5,27,hop-cli-1,2026-09-27 15:08:36.191131
467,2026-05-17,1,0,1,0,0,0,0,1,hop-cli-1,2026-09-27 15:08:36.191133
276,2026-05-12,1,1,0,0,0,0,0,49,hop-cli-1,2026-09-27 15:08:36.191134
671,2026-04-28,1,0,0,0,0,0,0,31,hop-cli-1,2026-09-27 15:08:36.191136
884,2026-07-03,1,0,0,1,0,1,4,52,hop-cli-1,2026-09-27 15:08:36.191137
76,2026-07-09,1,0,0,0,0,1,2,595,hop-cli-1,2026-09-27 15:08:36.191160
895,2026-07-23,1,0,1,0,0,0,0,3,hop-cli-1,2026-09-27 15:08:36.191163
79,2026-07-12,1,1,0,0,0,0,0,29,hop-cli-1,2026-09-27 15:08:36.191165
509,2026-04-06,1,0,0,1,0,1,5,79,hop-cli-1,2026-09-27 15:08:36.191167
409,2026-05-03,1,0,1,0,0,0,0,1,hop-cli-1,2026-09-27 15:08:36.191168
607,2026-02-14,1,0,0,0,0,0,0,1768,hop-cli-1,2026-09-27 15:08:36.191170
965,2026-04-06,1,0,0,0,0,0,0,6,hop-cli-1,2026-09-27 15:08:36.191171
211,2026-05-15,1,1,0,0,0,0,0,25,hop-cli-1,2026-09-27 15:08:36.191173
383,2026-01-26,1,1,0,0,0,0,0,68,hop-cli-1,2026-09-27 15:08:36.191175
521,2026-02-13,1,1,0,0,0,0,0,7,hop-cli-1,2026-09-27 15:08:36.191176
434,2026-05-15,1,0,1,0,0,0,0,1,hop-cli-1,2026-09-27 15:08:36.191178
392,2026-08-17,1,1,0,0,0,0,0,11,hop-cli-1,2026-09-27 15:08:36.191179
475,2026-04-23,1,0,1,0,0,0,0,2,hop-cli-1,2026-09-27 15:08:36.191180
595,2026-08-12,1,0,0,0,0,1,3,27,hop-cli-1,2026-09-27 15:08:36.191182
429,2026-02-06,1,1,0,0,0,0,0,7,hop-cli-1,2026-09-27 15:08:36.191184
106,2026-06-24,1,0,0,0,1,1,5,1929,hop-cli-1,2026-09-27 15:08:36.191185
969,2026-01-01,1,0,1,0,0,0,0,1,hop-cli-1,2026-09-27 15:08:36.191187
252,2026-05-21,1,1,0,0,0,0,0,356,hop-cli-1,2026-09-27 15:08:36.191189
199,2026-08-11,1,0,0,1,0,1,4,88,hop-cli-1,2026-09-27 15:08:36.191190
494,2026-02-27,1,0,0,1,0,0,0,35,hop-cli-1,2026-09-27 15:08:36.191191
584,2026-01-11,1,0,0,0,1,1,5,13,hop-cli-1,2026-09-27 15:08:36.191193
91,2026-07-03,1,0,1,0,0,0,0,6,hop-cli-1,2026-09-27 15:08:36.191194
231,2026-08-16,1,1,0,0,0,0,0,16,hop-cli-1,2026-09-27 15:08:36.191222
816,2026-07-06,1,0,1,0,0,0,0,2,hop-cli-1,2026-09-27 15:08:36.191226
87,2026-01-26,1,0,0,0,0,1,4,51,hop-cli-1,2026-09-27 15:08:36.191229
817,2026-03-27,1,0,0,1,0,1,5,73,hop-cli-1,2026-09-27 15:08:36.191230
347,2026-04-22,1,0,0,0,0,1,5,19,hop-cli-1,2026-09-27 15:08:36.191232
582,2026-02-28,1,0,0,1,0,1,4,25,hop-cli-1,2026-09-27 15:08:36.191233
857,2026-03-22,1,0,0,0,0,0,0,33,hop-cli-1,2026-09-27 15:08:36.191235
59,2026-08-01,1,0,0,0,1,1,5,15,hop-cli-1,2026-09-27 15:08:36.191236
170,2026-02-17,1,0,0,0,1,1,5,628,hop-cli-1,2026-09-27 15:08:36.191238
229,2026-01-03,1,0,1,0,0,0,0,1,hop-cli-1,2026-09-27 15:08:36.191239
661,2026-07-08,1,0,0,0,0,1,5,54,hop-cli-1,2026-09-27 15:08:36.191241
209,2026-07-28,1,1,0,0,0,0,0,7,hop-cli-1,2026-09-27 15:08:36.191243
861,2026-04-27,1,0,1,0,0,0,0,4,hop-cli-1,2026-09-27 15:08:36.191244
563,2026-07-17,1,0,0,0,1,1,5,16,hop-cli-1,2026-09-27 15:08:36.191246
853,2026-02-04,1,0,1,0,0,0,0,2,hop-cli-1,2026-09-27 15:08:36.191248
495,2026-08-12,1,0,1,0,0,0,0,1,hop-cli-1,2026-09-27 15:08:36.191249
566,2026-06-23,1,1,0,0,0,0,0,15,hop-cli-1,2026-09-27 15:08:36.191251
523,2026-05-12,1,0,1,0,0,0,0,4,hop-cli-1,2026-09-27 15:08:36.191252
743,2026-01-05,1,0,0,1,0,1,4,64,hop-cli-1,2026-09-27 15:08:36.191333
105,2026-05-04,1,0,1,0,0,0,0,1,hop-cli-1,2026-09-27 15:08:36.191336
654,2026-06-27,1,0,1,0,0,0,0,91,hop-cli-1,2026-09-27 15:08:36.191338
90,2026-03-31,1,1,0,0,0,0,0,18,hop-cli-1,2026-09-27 15:08:36.191340
547,2026-02-07,1,0,0,0,1,1,5,5,hop-cli-1,2026-09-27 15:08:36.191362
553,2026-08-23,1,0,0,1,0,1,5,18,hop-cli-1,2026-09-27 15:08:36.191366
805,2026-06-14,1,0,0,0,0,1,2,23,hop-cli-1,2026-09-27 15:08:36.191368
732,2026-01-02,1,0,1,0,0,0,0,1,hop-cli-1,2026-09-27 15:08:36.191370
192,2026-06-17,1,1,0,0,0,0,0,83,hop-cli-1,2026-09-27 15:08:36.191371
653,2026-04-02,1,0,0,0,1,1,5,28,hop-cli-1,2026-09-27 15:08:36.191373
688,2026-01-25,1,0,1,0,0,0,0,1,hop-cli-1,2026-09-27 15:08:36.191375
374,2026-07-12,1,0,0,0,0,1,5,11,hop-cli-1,2026-09-27 15:08:36.191376
708,2026-03-11,1,0,0,0,1,1,5,8,hop-cli-1,2026-09-27 15:08:36.191378
106,2026-05-19,1,1,0,0,0,0,0,1238,hop-cli-1,2026-09-27 15:08:36.191379
151,2026-03-08,1,0,0,1,0,1,3,299,hop-cli-1,2026-09-27 15:08:36.191381
927,2026-02-21,1,1,0,0,0,0,0,8,hop-cli-1,2026-09-27 15:08:36.191382
53,2026-02-24,1,1,0,0,0,0,0,10,hop-cli-1,2026-09-27 15:08:36.191384
43,2026-06-04,1,0,0,1,0,1,5,47,hop-cli-1,2026-09-27 15:08:36.191386
737,2026-05-02,1,1,0,0,0,0,0,8,hop-cli-1,2026-09-27 15:08:36.191387
249,2026-01-15,1,1,0,0,0,0,0,4,hop-cli-1,2026-09-27 15:08:36.191389
179,2026-03-15,1,0,0,1,0,0,0,2330,hop-cli-1,2026-09-27 15:08:36.191390
669,2026-06-12,1,0,0,0,0,0,0,25,hop-cli-1,2026-09-27 15:08:36.191392
566,2026-04-26,1,0,0,0,0,1,3,57,hop-cli-1,2026-09-27 15:08:36.191393
818,2026-03-24,1,0,0,1,0,1,3,36,hop-cli-1,2026-09-27 15:08:36.191395
368,2026-04-21,1,0,0,0,1,1,5,56,hop-cli-1,2026-09-27 15:08:36.191396
169,2026-02-25,1,0,1,0,0,0,0,11,hop-cli-1,2026-09-27 15:08:36.191398
534,2026-04-13,1,1,0,0,0,0,0,24,hop-cli-1,2026-09-27 15:08:36.191399
398,2026-01-23,1,1,0,0,0,0,0,82,hop-cli-1,2026-09-27 15:08:36.191428
23,2026-04-26,1,1,0,0,0,0,0,15,hop-cli-1,2026-09-27 15:08:36.191431
201,2026-08-14,1,0,0,0,1,1,5,40,hop-cli-1,2026-09-27 15:08:36.191433
769,2026-06-13,1,1,0,0,0,0,0,56,hop-cli-1,2026-09-27 15:08:36.191434
829,2026-05-27,1,0,1,0,0,0,0,1,hop-cli-1,2026-09-27 15:08:36.191436
524,2026-02-06,1,1,0,0,0,0,0,24,hop-cli-1,2026-09-27 15:08:36.191437
428,2026-08-11,1,1,0,0,0,0,0,15,hop-cli-1,2026-09-27 15:08:36.191439
524,2026-02-21,1,0,0,1,0,1,5,47,hop-cli-1,2026-09-27 15:08:36.191440
554,2026-08-06,1,0,0,1,0,1,4,196,hop-cli-1,2026-09-27 15:08:36.191442
92,2026-01-17,1,1,0,0,0,0,0,319,hop-cli-1,2026-09-27 15:08:36.191443
840,2026-07-08,1,1,0,0,0,0,0,27,hop-cli-1,2026-09-27 15:08:36.191445
104,2026-06-12,1,1,0,0,0,0,0,14,hop-cli-1,2026-09-27 15:08:36.191446
204,2026-04-10,1,0,0,0,0,0,0,26,hop-cli-1,2026-09-27 15:08:36.191448
72,2026-03-21,1,1,0,0,0,0,0,8,hop-cli-1,2026-09-27 15:08:36.191449
632,2026-05-01,1,1,0,0,0,0,0,8,hop-cli-1,2026-09-27 15:08:36.191451
758,2026-05-01,1,0,0,0,1,1,5,18,hop-cli-1,2026-09-27 15:08:36.191452
207,2026-01-25,1,0,0,0,0,0,0,10,hop-cli-1,2026-09-27 15:08:36.191454
430,2026-07-16,1,0,0,0,0,0,0,2078,hop-cli-1,2026-09-27 15:08:36.191455
646,2026-01-28,1,1,0,0,0,0,0,33,hop-cli-1,2026-09-27 15:08:36.191457
45,2026-04-17,1,0,1,0,0,0,0,5,hop-cli-1,2026-09-27 15:08:36.191458
456,2026-08-09,1,0,0,1,0,1,5,275,hop-cli-1,2026-09-27 15:08:36.191459
276,2026-05-09,1,1,0,0,0,0,0,12,hop-cli-1,2026-09-27 15:08:36.191461
770,2026-03-07,1,0,0,0,1,1,5,13,hop-cli-1,2026-09-27 15:08:36.191483
191,2026-01-13,1,0,0,1,0,1,4,492,hop-cli-1,2026-09-27 15:08:36.191486
401,2026-05-03,1,1,0,0,0,0,0,12,hop-cli-1,2026-09-27 15:08:36.191488
593,2026-08-24,1,0,0,0,0,1,2,19,hop-cli-1,2026-09-27 15:08:36.191490
770,2026-03-15,1,0,0,1,0,1,3,19,hop-cli-1,2026-09-27 15:08:36.191491
343,2026-01-19,1,1,0,0,0,0,0,27,hop-cli-1,2026-09-27 15:08:36.191493
674,2026-05-02,1,0,0,1,0,1,5,5,hop-cli-1,2026-09-27 15:08:36.191495
116,2026-08-10,1,0,0,1,0,1,4,21,hop-cli-1,2026-09-27 15:08:36.191496
650,2026-05-04,1,0,0,0,0,0,0,135,hop-cli-1,2026-09-27 15:08:36.191498
634,2026-06-22,1,0,1,0,0,0,0,1,hop-cli-1,2026-09-27 15:08:36.191499
35,2026-04-05,1,0,0,0,0,0,0,14,hop-cli-1,2026-09-27 15:08:36.191501
815,2026-06-25,1,0,0,0,0,0,0,9,hop-cli-1,2026-09-27 15:08:36.191502
173,2026-03-22,2,0,1,0,0,1,5,20,hop-cli-1,2026-09-27 15:08:36.191503
694,2026-06-28,1,0,1,0,0,0,0,145,hop-cli-1,2026-09-27 15:08:36.191505
574,2026-01-10,1,0,1,0,0,0,0,1,hop-cli-1,2026-09-27 15:08:36.191506
550,2026-03-30,1,1,0,0,0,0,0,31,hop-cli-1,2026-09-27 15:08:36.191508
594,2026-02-07,1,0,1,0,0,0,0,4,hop-cli-1,2026-09-27 15:08:36.191509
644,2026-02-04,1,0,0,0,0,0,0,45,hop-cli-1,2026-09-27 15:08:36.191511
976,2026-07-20,1,0,0,1,0,1,5,28,hop-cli-1,2026-09-27 15:08:36.191512
572,2026-01-08,1,0,1,0,0,0,0,33,hop-cli-1,2026-09-27 15:08:36.191514
422,2026-04-27,1,1,0,0,0,0,0,776,hop-cli-1,2026-09-27 15:08:36.191515
197,2026-04-17,1,0,1,0,0,0,0,2,hop-cli-1,2026-09-27 15:08:36.191517
637,2026-02-11,1,1,0,0,0,0,0,62,hop-cli-1,2026-09-27 15:08:36.191549
941,2026-04-27,1,0,0,0,0,0,0,36,hop-cli-1,2026-09-27 15:08:36.191552
430,2026-02-17,1,1,0,0,0,0,0,2201,hop-cli-1,2026-09-27 15:08:36.191554
578,2026-02-03,1,1,0,0,0,0,0,3,hop-cli-1,2026-09-27 15:08:36.191555
265,2026-02-04,1,0,0,0,0,0,0,13,hop-cli-1,2026-09-27 15:08:36.191557
633,2026-03-09,1,1,0,0,0,0,0,108,hop-cli-1,2026-09-27 15:08:36.191559
317,2026-01-23,1,1,0,0,0,0,0,44,hop-cli-1,2026-09-27 15:08:36.191560
282,2026-01-23,1,0,1,0,0,0,0,12,hop-cli-1,2026-09-27 15:08:36.191562
188,2026-02-02,1,0,0,0,0,1,3,431,hop-cli-1,2026-09-27 15:08:36.191563
843,2026-03-25,1,0,0,0,1,1,5,14,hop-cli-1,2026-09-27 15:08:36.191565
900,2026-08-16,1,0,0,1,0,0,0,1340,hop-cli-1,2026-09-27 15:08:36.191566
408,2026-02-27,1,0,1,0,0,0,0,92,hop-cli-1,2026-09-27 15:08:36.191568
322,2026-07-18,1,0,0,0,0,1,3,64,hop-cli-1,2026-09-27 15:08:36.191569
275,2026-06-05,1,1,0,0,0,0,0,35,hop-cli-1,2026-09-27 15:08:36.191571
192,2026-06-20,1,0,0,0,1,1,5,517,hop-cli-1,2026-09-27 15:08:36.191572
394,2026-03-10,1,0,1,0,0,0,0,29,hop-cli-1,2026-09-27 15:08:36.191573
652,2026-04-26,1,0,1,0,0,0,0,4,hop-cli-1,2026-09-27 15:08:36.191575
687,2026-06-17,1,1,0,0,0,0,0,373,hop-cli-1,2026-09-27 15:08:36.191639
381,2026-06-16,1,0,0,1,0,1,5,63,hop-cli-1,2026-09-27 15:08:36.191642
402,2026-07-24,1,1,0,0,0,0,0,812,hop-cli-1,2026-09-27 15:08:36.191644
173,2026-03-16,1,1,0,0,0,0,0,21,hop-cli-1,2026-09-27 15:08:36.191646
958,2026-08-23,1,0,0,1,0,0,0,568,hop-cli-1,2026-09-27 15:08:36.191647
231,2026-01-06,1,0,1,0,0,0,0,4,hop-cli-1,2026-09-27 15:08:36.191669
81,2026-03-23,1,0,1,0,0,0,0,123,hop-cli-1,2026-09-27 15:08:36.191674
400,2026-06-10,1,1,0,0,0,0,0,13,hop-cli-1,2026-09-27 15:08:36.191676
999,2026-07-26,1,0,1,0,0,0,0,6,hop-cli-1,2026-09-27 15:08:36.191677
178,2026-02-03,1,1,0,0,0,0,0,44,hop-cli-1,2026-09-27 15:08:36.191679
193,2026-01-23,1,0,0,0,1,1,5,12,hop-cli-1,2026-09-27 15:08:36.191680
19,2026-03-21,1,0,0,0,0,1,5,11,hop-cli-1,2026-09-27 15:08:36.191682
93,2026-05-16,1,0,0,0,0,0,0,2205,hop-cli-1,2026-09-27 15:08:36.191683
923,2026-03-10,1,1,0,0,0,0,0,14,hop-cli-1,2026-09-27 15:08:36.191685
411,2026-05-02,1,1,0,0,0,0,0,13,hop-cli-1,2026-09-27 15:08:36.191686
78,2026-08-11,1,1,0,0,0,0,0,33,hop-cli-1,2026-09-27 15:08:36.191688
141,2026-06-20,1,0,0,1,0,1,5,48,hop-cli-1,2026-09-27 15:08:36.191689
470,2026-02-22,1,0,0,1,0,1,4,863,hop-cli-1,2026-09-27 15:08:36.191691
934,2026-05-13,1,0,0,1,0,1,5,14,hop-cli-1,2026-09-27 15:08:36.191692
994,2026-07-29,1,0,0,0,1,1,5,12,hop-cli-1,2026-09-27 15:08:36.191694
146,2026-03-14,1,0,0,1,0,1,5,17,hop-cli-1,2026-09-27 15:08:36.191695
15,2026-08-03,1,0,0,0,0,0,0,2093,hop-cli-1,2026-09-27 15:08:36.191697
579,2026-05-25,1,0,0,0,0,1,4,18,hop-cli-1,2026-09-27 15:08:36.191698
209,2026-04-13,1,0,0,0,0,1,5,8,hop-cli-1,2026-09-27 15:08:36.191700
676,2026-05-30,1,1,0,0,0,0,0,88,hop-cli-1,2026-09-27 15:08:36.191701
333,2026-01-25,1,0,0,1,0,1,4,1211,hop-cli-1,2026-09-27 15:08:36.191703
642,2026-08-01,1,1,0,0,0,0,0,25,hop-cli-1,2026-09-27 15:08:36.191704
256,2026-01-22,1,1,0,0,0,0,0,4,hop-cli-1,2026-09-27 15:08:36.191731
531,2026-06-24,1,0,1,0,0,0,0,1,hop-cli-1,2026-09-27 15:08:36.191735
185,2026-07-01,1,1,0,0,0,0,0,4,hop-cli-1,2026-09-27 15:08:36.191737
664,2026-04-19,1,0,1,0,0,0,0,1,hop-cli-1,2026-09-27 15:08:36.191739
400,2026-03-28,1,0,0,1,0,1,5,37,hop-cli-1,2026-09-27 15:08:36.191741
845,2026-03-04,1,0,1,0,0,0,0,3,hop-cli-1,2026-09-27 15:08:36.191742
431,2026-07-03,1,0,0,0,0,0,0,231,hop-cli-1,2026-09-27 15:08:36.191744
338,2026-05-05,1,0,0,0,0,0,0,364,hop-cli-1,2026-09-27 15:08:36.191745
893,2026-07-18,1,0,0,0,0,0,0,770,hop-cli-1,2026-09-27 15:08:36.191747
113,2026-04-29,1,1,0,0,0,0,0,55,hop-cli-1,2026-09-27 15:08:36.191748
999,2026-01-25,1,1,0,0,0,0,0,26,hop-cli-1,2026-09-27 15:08:36.191750
738,2026-07-11,1,1,0,0,0,0,0,30,hop-cli-1,2026-09-27 15:08:36.191751
451,2026-03-27,1,0,0,1,0,1,5,15,hop-cli-1,2026-09-27 15:08:36.191753
476,2026-05-08,1,0,1,0,0,0,0,1,hop-cli-1,2026-09-27 15:08:36.191754
14,2026-03-06,1,0,0,0,0,0,0,32,hop-cli-1,2026-09-27 15:08:36.191756
684,2026-03-02,1,1,0,0,0,0,0,45,hop-cli-1,2026-09-27 15:08:36.191757
4,2026-05-15,1,1,0,0,0,0,0,1,hop-cli-1,2026-09-27 15:08:36.191759
941,2026-03-02,1,1,0,0,0,0,0,10,hop-cli-1,2026-09-27 15:08:36.191760
582,2026-05-05,1,1,0,0,0,0,0,15,hop-cli-1,2026-09-27 15:08:36.191762
30,2026-03-21,1,1,0,0,0,0,0,967,hop-cli-1,2026-09-27 15:08:36.191763
310,2026-08-24,1,0,0,0,0,1,2,44,hop-cli-1,2026-09-27 15:08:36.191764
176,2026-02-17,1,0,0,1,0,0,0,87,hop-cli-1,2026-09-27 15:08:36.191766
868,2026-04-10,1,0,0,0,1,1,5,1436,hop-cli-1,2026-09-27 15:08:36.191768
868,2026-01-22,1,0,0,1,0,1,3,1587,hop-cli-1,2026-09-27 15:08:36.191790
138,2026-06-16,1,0,0,0,1,1,5,1280,hop-cli-1,2026-09-27 15:08:36.191792
256,2026-08-20,1,0,0,1,0,1,5,6,hop-cli-1,2026-09-27 15:08:36.191794
787,2026-02-05,1,0,0,1,0,1,5,70,hop-cli-1,2026-09-27 15:08:36.191796
564,2026-01-19,1,0,0,0,0,1,4,54,hop-cli-1,2026-09-27 15:08:36.191797
627,2026-05-21,1,0,0,1,0,1,5,60,hop-cli-1,2026-09-27 15:08:36.191799
553,2026-06-23,1,1,0,0,0,0,0,2,hop-cli-1,2026-09-27 15:08:36.191800
131,2026-06-26,1,1,0,0,0,0,0,25,hop-cli-1,2026-09-27 15:08:36.191802
357,2026-01-12,1,1,0,0,0,0,0,10,hop-cli-1,2026-09-27 15:08:36.191803
230,2026-05-04,1,1,0,0,0,0,0,24,hop-cli-1,2026-09-27 15:08:36.191805
498,2026-05-08,1,0,0,0,0,0,0,58,hop-cli-1,2026-09-27 15:08:36.191806
680,2026-02-20,1,0,0,0,0,1,5,800,hop-cli-1,2026-09-27 15:08:36.191808
206,2026-06-17,1,1,0,0,0,0,0,186,hop-cli-1,2026-09-27 15:08:36.191809
418,2026-08-09,1,0,0,0,0,1,2,55,hop-cli-1,2026-09-27 15:08:36.191811
742,2026-08-20,1,0,1,0,0,0,0,2,hop-cli-1,2026-09-27 15:08:36.191812
849,2026-06-09,1,1,0,0,0,0,0,43,hop-cli-1,2026-09-27 15:08:36.191814
468,2026-05-10,1,0,0,0,0,1,4,20,hop-cli-1,2026-09-27 15:08:36.191815
273,2026-01-25,1,0,0,0,1,1,5,2,hop-cli-1,2026-09-27 15:08:36.191817
175,2026-02-26,1,1,0,0,0,0,0,11,hop-cli-1,2026-09-27 15:08:36.191818
300,2026-08-16,1,1,0,0,0,0,0,43,hop-cli-1,2026-09-27 15:08:36.191819
350,2026-05-05,1,0,0,0,0,1,5,4,hop-cli-1,2026-09-27 15:08:36.192208
380,2026-07-28,1,0,0,1,0,1,5,11,hop-cli-1,2026-09-27 15:08:36.192214
624,2026-01-26,1,1,0,0,0,0,0,608,hop-cli-1,2026-09-27 15:08:36.192216
110,2026-06-26,1,1,0,0,0,0,0,21,hop-cli-1,2026-09-27 15:08:36.192217
174,2026-05-17,1,0,0,1,0,1,3,63,hop-cli-1,2026-09-27 15:08:36.192219
599,2026-02-27,1,1,0,0,0,0,0,61,hop-cli-1,2026-09-27 15:08:36.192220
177,2026-02-05,1,1,0,0,0,0,0,16,hop-cli-1,2026-09-27 15:08:36.192243
181,2026-06-04,1,0,0,0,0,0,0,102,hop-cli-1,2026-09-27 15:08:36.192247
995,2026-05-17,1,0,0,0,0,1,4,28,hop-cli-1,2026-09-27 15:08:36.192250
348,2026-07-09,1,0,1,0,0,0,0,1,hop-cli-1,2026-09-27 15:08:36.192253
588,2026-06-06,1,0,1,0,0,0,0,1,hop-cli-1,2026-09-27 15:08:36.192255
847,2026-03-19,1,0,0,0,0,0,0,12,hop-cli-1,2026-09-27 15:08:36.192256
685,2026-07-24,1,1,0,0,0,0,0,4,hop-cli-1,2026-09-27 15:08:36.192258
889,2026-07-03,1,0,0,1,0,1,4,40,hop-cli-1,2026-09-27 15:08:36.192259
590,2026-04-11,1,0,0,0,1,1,5,11,hop-cli-1,2026-09-27 15:08:36.192261
270,2026-07-19,1,0,0,1,0,1,4,28,hop-cli-1,2026-09-27 15:08:36.192262
861,2026-01-02,1,1,0,0,0,0,0,31,hop-cli-1,2026-09-27 15:08:36.192264
126,2026-07-06,1,1,0,0,0,0,0,41,hop-cli-1,2026-09-27 15:08:36.192265
83,2026-01-08,1,0,0,0,1,1,5,23,hop-cli-1,2026-09-27 15:08:36.192338
512,2026-04-25,1,0,0,1,0,1,5,42,hop-cli-1,2026-09-27 15:08:36.192341
325,2026-01-29,1,0,0,1,0,1,4,5,hop-cli-1,2026-09-27 15:08:36.192343
177,2026-03-11,1,0,0,0,1,1,5,13,hop-cli-1,2026-09-27 15:08:36.192345
885,2026-01-17,1,0,0,1,0,1,4,26,hop-cli-1,2026-09-27 15:08:36.192346
845,2026-05-04,1,0,0,1,0,0,0,24,hop-cli-1,2026-09-27 15:08:36.192348
202,2026-06-03,1,0,0,0,1,1,5,34,hop-cli-1,2026-09-27 15:08:36.192350
336,2026-06-16,1,0,1,0,0,0,0,2,hop-cli-1,2026-09-27 15:08:36.192351
156,2026-04-26,1,1,0,0,0,0,0,150,hop-cli-1,2026-09-27 15:08:36.192353
89,2026-02-03,1,0,0,0,1,1,5,19,hop-cli-1,2026-09-27 15:08:36.192354
637,2026-02-03,1,0,0,0,0,1,4,52,hop-cli-1,2026-09-27 15:08:36.192390
460,2026-06-09,1,0,0,0,0,1,5,3,hop-cli-1,2026-09-27 15:08:36.192393
222,2026-03-19,1,0,0,1,0,1,4,26,hop-cli-1,2026-09-27 15:08:36.192395
36,2026-06-01,1,0,0,0,1,1,5,50,hop-cli-1,2026-09-27 15:08:36.192396
550,2026-02-18,1,1,0,0,0,0,0,17,hop-cli-1,2026-09-27 15:08:36.192398
228,2026-06-05,1,0,1,0,0,0,0,2,hop-cli-1,2026-09-27 15:08:36.192400
295,2026-02-03,1,0,1,0,0,0,0,1,hop-cli-1,2026-09-27 15:08:36.192401
413,2026-02-11,1,1,0,0,0,0,0,51,hop-cli-1,2026-09-27 15:08:36.192403
298,2026-02-09,1,0,1,0,0,0,0,9,hop-cli-1,2026-09-27 15:08:36.192405
588,2026-04-26,1,1,0,0,0,0,0,2,hop-cli-1,2026-09-27 15:08:36.192406
430,2026-03-03,1,0,0,0,1,1,5,1175,hop-cli-1,2026-09-27 15:08:36.192408
489,2026-06-10,1,1,0,0,0,0,0,10,hop-cli-1,2026-09-27 15:08:36.192409
422,2026-06-06,1,0,0,1,0,1,5,1182,hop-cli-1,2026-09-27 15:08:36.192411
600,2026-05-21,1,1,0,0,0,0,0,11,hop-cli-1,2026-09-27 15:08:36.192412
543,2026-02-10,1,0,0,1,0,1,3,62,hop-cli-1,2026-09-27 15:08:36.192414
788,2026-07-18,1,0,0,0,0,1,2,17,hop-cli-1,2026-09-27 15:08:36.192415
888,2026-07-19,1,0,0,1,0,1,5,7,hop-cli-1,2026-09-27 15:08:36.192417
261,2026-07-20,1,1,0,0,0,0,0,22,hop-cli-1,2026-09-27 15:08:36.192418
325,2026-07-28,1,1,0,0,0,0,0,1,hop-cli-1,2026-09-27 15:08:36.192420
278,2026-05-19,1,0,0,0,1,1,5,65,hop-cli-1,2026-09-27 15:08:36.192421
179,2026-01-25,1,0,1,0,0,0,0,144,hop-cli-1,2026-09-27 15:08:36.192423
619,2026-08-10,1,1,0,0,0,0,0,3,hop-cli-1,2026-09-27 15:08:36.192424
861,2026-08-14,1,1,0,0,0,0,0,7,hop-cli-1,2026-09-27 15:08:36.192447
133,2026-04-04,1,0,1,0,0,0,0,2,hop-cli-1,2026-09-27 15:08:36.192450
19,2026-03-30,1,1,0,0,0,0,0,10,hop-cli-1,2026-09-27 15:08:36.192452
84,2026-03-03,1,0,1,0,0,0,0,1,hop-cli-1,2026-09-27 15:08:36.192454
792,2026-07-29,1,0,0,0,1,1,5,22,hop-cli-1,2026-09-27 15:08:36.192455
146,2026-08-23,1,0,0,0,1,1,5,7,hop-cli-1,2026-09-27 15:08:36.192457
282,2026-04-05,1,1,0,0,0,0,0,57,hop-cli-1,2026-09-27 15:08:36.192459
268,2026-04-12,1,0,1,0,0,0,0,4,hop-cli-1,2026-09-27 15:08:36.192460
753,2026-08-17,1,0,0,1,0,1,5,12,hop-cli-1,2026-09-27 15:08:36.192462
77,2026-08-01,1,1,0,0,0,0,0,18,hop-cli-1,2026-09-27 15:08:36.193103
1,2026-02-14,1,1,0,0,0,0,0,2376,hop-cli-1,2026-09-27 15:08:36.193108
48,2026-03-15,1,0,1,0,0,0,0,4,hop-cli-1,2026-09-27 15:08:36.193109
768,2026-03-31,1,1,0,0,0,0,0,3,hop-cli-1,2026-09-27 15:08:36.193111
215,2026-02-11,1,0,0,1,0,1,5,38,hop-cli-1,2026-09-27 15:08:36.193113
728,2026-01-04,1,0,0,0,0,1,4,32,hop-cli-1,2026-09-27 15:08:36.193114
621,2026-08-07,1,0,0,0,0,1,4,6,hop-cli-1,2026-09-27 15:08:36.193116
891,2026-04-19,1,0,0,0,1,1,5,7,hop-cli-1,2026-09-27 15:08:36.193117
996,2026-01-14,1,0,0,1,0,1,5,75,hop-cli-1,2026-09-27 15:08:36.193119
349,2026-07-21,1,0,0,1,0,1,4,44,hop-cli-1,2026-09-27 15:08:36.193121
694,2026-05-28,1,0,0,0,1,1,5,707,hop-cli-1,2026-09-27 15:08:36.193123
636,2026-03-20,1,0,0,0,0,1,4,10,hop-cli-1,2026-09-27 15:08:36.193124
584,2026-04-24,1,0,1,0,0,0,0,1,hop-cli-1,2026-09-27 15:08:36.193126
498,2026-05-25,1,1,0,0,0,0,0,33,hop-cli-1,2026-09-27 15:08:36.193127
427,2026-06-28,1,0,0,0,0,1,4,4,hop-cli-1,2026-09-27 15:08:36.193129
532,2026-05-11,1,0,0,0,1,1,5,354,hop-cli-1,2026-09-27 15:08:36.193130
174,2026-06-07,1,1,0,0,0,0,0,31,hop-cli-1,2026-09-27 15:08:36.193131
438,2026-05-16,1,1,0,0,0,0,0,65,hop-cli-1,2026-09-27 15:08:36.193155
184,2026-05-20,1,0,0,0,0,0,0,2,hop-cli-1,2026-09-27 15:08:36.193159
916,2026-01-15,1,1,0,0,0,0,0,371,hop-cli-1,2026-09-27 15:08:36.193161
790,2026-04-03,1,0,0,1,0,1,4,63,hop-cli-1,2026-09-27 15:08:36.193162
830,2026-04-12,1,0,0,0,0,1,5,7,hop-cli-1,2026-09-27 15:08:36.193164
114,2026-04-11,1,0,1,0,0,0,0,4,hop-cli-1,2026-09-27 15:08:36.193166
411,2026-01-21,1,0,0,1,0,1,4,27,hop-cli-1,2026-09-27 15:08:36.193167
158,2026-02-24,1,0,0,0,1,1,5,31,hop-cli-1,2026-09-27 15:08:36.193169
206,2026-08-22,1,0,1,0,0,0,0,5,hop-cli-1,2026-09-27 15:08:36.193171
598,2026-03-24,1,1,0,0,0,0,0,16,hop-cli-1,2026-09-27 15:08:36.193172
225,2026-03-21,1,1,0,0,0,0,0,359,hop-cli-1,2026-09-27 15:08:36.193174
891,2026-02-25,1,1,0,0,0,0,0,3,hop-cli-1,2026-09-27 15:08:36.193175
399,2026-03-23,1,0,1,0,0,0,0,5,hop-cli-1,2026-09-27 15:08:36.193177
164,2026-02-17,1,0,1,0,0,0,0,3,hop-cli-1,2026-09-27 15:08:36.193178
569,2026-01-26,1,1,0,0,0,0,0,2,hop-cli-1,2026-09-27 15:08:36.193180
329,2026-06-02,1,1,0,0,0,0,0,16,hop-cli-1,2026-09-27 15:08:36.193181
158,2026-06-12,1,0,0,0,0,1,5,69,hop-cli-1,2026-09-27 15:08:36.193183
322,2026-05-23,1,0,0,0,1,1,5,84,hop-cli-1,2026-09-27 15:08:36.193184
258,2026-04-17,1,0,0,0,0,1,5,1050,hop-cli-1,2026-09-27 15:08:36.193186
751,2026-06-06,1,0,0,0,1,1,5,518,hop-cli-1,2026-09-27 15:08:36.193187
276,2026-03-18,1,1,0,0,0,0,0,18,hop-cli-1,2026-09-27 15:08:36.193189
777,2026-04-10,1,0,1,0,0,0,0,1,hop-cli-1,2026-09-27 15:08:36.193190
545,2026-06-20,1,0,0,0,0,1,5,34,hop-cli-1,2026-09-27 15:08:36.193219
638,2026-06-01,1,1,0,0,0,0,0,12,hop-cli-1,2026-09-27 15:08:36.193224
658,2026-08-16,1,0,0,1,0,1,5,13,hop-cli-1,2026-09-27 15:08:36.193226
458,2026-07-22,1,1,0,0,0,0,0,1347,hop-cli-1,2026-09-27 15:08:36.193227
586,2026-08-16,1,0,0,0,1,1,5,22,hop-cli-1,2026-09-27 15:08:36.193229
59,2026-02-11,1,0,1,0,0,0,0,2,hop-cli-1,2026-09-27 15:08:36.193230
679,2026-08-17,1,0,0,1,0,1,5,20,hop-cli-1,2026-09-27 15:08:36.193232
156,2026-03-31,1,0,1,0,0,0,0,20,hop-cli-1,2026-09-27 15:08:36.193234
774,2026-02-22,1,1,0,0,0,0,0,23,hop-cli-1,2026-09-27 15:08:36.193331
754,2026-02-18,1,0,1,0,0,0,0,112,hop-cli-1,2026-09-27 15:08:36.193334
313,2026-06-22,1,1,0,0,0,0,0,37,hop-cli-1,2026-09-27 15:08:36.193336
572,2026-08-08,1,0,1,0,0,0,0,46,hop-cli-1,2026-09-27 15:08:36.193338
554,2026-05-07,1,0,0,0,0,1,4,107,hop-cli-1,2026-09-27 15:08:36.193339
434,2026-04-20,1,0,1,0,0,0,0,1,hop-cli-1,2026-09-27 15:08:36.193341
178,2026-02-13,1,0,0,0,1,1,5,27,hop-cli-1,2026-09-27 15:08:36.193342
267,2026-06-15,1,1,0,0,0,0,0,306,hop-cli-1,2026-09-27 15:08:36.193344
796,2026-01-19,1,1,0,0,0,0,0,26,hop-cli-1,2026-09-27 15:08:36.193345
864,2026-08-20,1,0,1,0,0,0,0,1,hop-cli-1,2026-09-27 15:08:36.193347
79,2026-05-18,1,0,0,0,0,1,4,68,hop-cli-1,2026-09-27 15:08:36.193348
520,2026-05-10,1,1,0,0,0,0,0,10,hop-cli-1,2026-09-27 15:08:36.193350
317,2026-08-09,1,1,0,0,0,0,0,33,hop-cli-1,2026-09-27 15:08:36.193351
369,2026-03-14,1,0,0,0,1,1,5,14,hop-cli-1,2026-09-27 15:08:36.193353
826,2026-02-18,1,0,0,1,0,1,4,23,hop-cli-1,2026-09-27 15:08:36.193375
147,2026-07-26,1,0,1,0,0,0,0,1,hop-cli-1,2026-09-27 15:08:36.193380
232,2026-08-01,1,1,0,0,0,0,0,4,hop-cli-1,2026-09-27 15:08:36.193382
120,2026-03-20,1,0,0,0,0,0,0,14,hop-cli-1,2026-09-27 15:08:36.193384
627,2026-01-31,1,1,0,0,0,0,0,18,hop-cli-1,2026-09-27 15:08:36.193385
203,2026-07-06,1,1,0,0,0,0,0,25,hop-cli-1,2026-09-27 15:08:36.193387
509,2026-03-08,1,1,0,0,0,0,0,63,hop-cli-1,2026-09-27 15:08:36.193389
793,2026-05-21,1,0,0,1,0,1,5,35,hop-cli-1,2026-09-27 15:08:36.193390
914,2026-04-21,1,0,1,0,0,0,0,186,hop-cli-1,2026-09-27 15:08:36.193392
134,2026-04-29,1,1,0,0,0,0,0,39,hop-cli-1,2026-09-27 15:08:36.193393
171,2026-02-12,1,0,0,0,0,1,4,568,hop-cli-1,2026-09-27 15:08:36.193395
91,2026-07-22,1,1,0,0,0,0,0,32,hop-cli-1,2026-09-27 15:08:36.193396
343,2026-05-23,1,1,0,0,0,0,0,11,hop-cli-1,2026-09-27 15:08:36.193398
406,2026-06-03,1,0,1,0,0,0,0,1,hop-cli-1,2026-09-27 15:08:36.193399
