data,total_interacoes,usuarios_ativos,conclusoes,avaliacao_media,tempo_total_min,execucao_id,publicado_em
2026-01-01,2,2,0,5.0,21,hop-cli-1,2026-09-27 15:08:36.205120
2026-01-02,5,4,1,,180,hop-cli-1,2026-09-27 15:08:36.205736
2026-01-03,4,4,1,5.0,1372,hop-cli-1,2026-09-27 15:08:36.205744
2026-01-04,6,6,1,4.5,143,hop-cli-1,2026-09-27 15:08:36.205748
2026-01-05,2,2,1,4.5,102,hop-cli-1,2026-09-27 15:08:36.205751
2026-01-06,2,2,0,,5,hop-cli-1,2026-09-27 15:08:36.205752
2026-01-07,1,1,0,5.0,60,hop-cli-1,2026-09-27 15:08:36.205754
2026-01-08,4,4,0,5.0,221,hop-cli-1,2026-09-27 15:08:36.205757
2026-01-09,4,4,1,4.5,171,hop-cli-1,2026-09-27 15:08:36.205759
2026-01-10,1,1,0,,1,hop-cli-1,2026-09-27 15:08:36.205760
2026-01-11,8,8,2,4.67,962,hop-cli-1,2026-09-27 15:08:36.205763
2026-01-12,5,5,0,,109,hop-cli-1,2026-09-27 15:08:36.205765
2026-01-13,3,3,1,4.0,932,hop-cli-1,2026-09-27 15:08:36.205767
2026-01-14,5,5,1,5.0,573,hop-cli-1,2026-09-27 15:08:36.205769
2026-01-15,7,7,0,5.0,3956,hop-cli-1,2026-09-27 15:08:36.205772
2026-01-16,4,4,1,5.0,138,hop-cli-1,2026-09-27 15:08:36.205774
2026-01-17,7,7,2,4.0,1217,hop-cli-1,2026-09-27 15:08:36.205776
2026-01-19,5,5,1,4.67,231,hop-cli-1,2026-09-27 15:08:36.205779
2026-01-20,1,1,0,,3,hop-cli-1,2026-09-27 15:08:36.205827
2026-01-21,2,2,2,4.5,659,hop-cli-1,2026-09-27 15:08:36.205834
2026-01-22,6,6,3,4.25,1729,hop-cli-1,2026-09-27 15:08:36.205838
2026-01-23,6,6,0,5.0,405,hop-cli-1,2026-09-27 15:08:36.205841
2026-01-24,4,4,0,5.0,61,hop-cli-1,2026-09-27 15:08:36.205843
2026-01-25,8,7,1,4.5,1404,hop-cli-1,2026-09-27 15:08:36.205846
2026-01-26,5,5,0,4.0,935,hop-cli-1,2026-09-27 15:08:36.205848
2026-01-27,2,2,1,,86,hop-cli-1,2026-09-27 15:08:36.205850
2026-01-28,6,6,0,5.0,374,hop-cli-1,2026-09-27 15:08:36.205852
2026-01-29,4,4,1,4.0,352,hop-cli-1,2026-09-27 15:08:36.205854
2026-01-30,1,1,0,,1026,hop-cli-1,2026-09-27 15:08:36.205856
2026-01-31,3,3,1,4.0,634,hop-cli-1,2026-09-27 15:08:36.205858
2026-02-01,2,2,0,,18,hop-cli-1,2026-09-27 15:08:36.205859
2026-02-02,4,4,0,4.0,1300,hop-cli-1,2026-09-27 15:08:36.205861
2026-02-03,8,8,0,4.67,168,hop-cli-1,2026-09-27 15:08:36.205864
2026-02-04,3,3,0,,60,hop-cli-1,2026-09-27 15:08:36.205866
2026-02-05,6,6,2,5.0,589,hop-cli-1,2026-09-27 15:08:36.205868
2026-02-06,3,3,0,5.0,59,hop-cli-1,2026-09-27 15:08:36.205870
2026-02-07,4,4,0,5.0,147,hop-cli-1,2026-09-27 15:08:36.205872
2026-02-08,1,1,0,,59,hop-cli-1,2026-09-27 15:08:36.205874
2026-02-09,5,5,3,4.25,247,hop-cli-1,2026-09-27 15:08:36.205876
2026-02-10,6,6,1,4.33,251,hop-cli-1,2026-09-27 15:08:36.205878
2026-02-11,12,12,3,4.75,3625,hop-cli-1,2026-09-27 15:08:36.205882
2026-02-12,4,4,0,4.5,615,hop-cli-1,2026-09-27 15:08:36.205884
2026-02-13,6,6,1,4.33,756,hop-cli-1,2026-09-27 15:08:36.205917
2026-02-14,9,9,2,5.0,4334,hop-cli-1,2026-09-27 15:08:36.205924
2026-02-15,2,2,0,,3,hop-cli-1,2026-09-27 15:08:36.205926
2026-02-16,9,9,1,5.0,163,hop-cli-1,2026-09-27 15:08:36.205929
2026-02-17,8,7,1,5.0,3840,hop-cli-1,2026-09-27 15:08:36.205933
2026-02-18,9,9,1,4.25,4271,hop-cli-1,2026-09-27 15:08:36.205936
2026-02-19,3,3,1,5.0,116,hop-cli-1,2026-09-27 15:08:36.205938
2026-02-20,3,3,0,5.0,824,hop-cli-1,2026-09-27 15:08:36.205940
2026-02-21,8,8,3,5.0,3453,hop-cli-1,2026-09-27 15:08:36.205943
2026-02-22,4,4,1,4.0,917,hop-cli-1,2026-09-27 15:08:36.205945
2026-02-23,4,4,0,,1369,hop-cli-1,2026-09-27 15:08:36.205947
2026-02-24,6,6,1,4.33,791,hop-cli-1,2026-09-27 15:08:36.205949
2026-02-25,3,3,0,,381,hop-cli-1,2026-09-27 15:08:36.205951
2026-02-26,5,5,0,3.5,189,hop-cli-1,2026-09-27 15:08:36.205953
2026-02-27,6,6,1,5.0,221,hop-cli-1,2026-09-27 15:08:36.205956
2026-02-28,4,4,1,4.5,45,hop-cli-1,2026-09-27 15:08:36.205958
2026-03-01,2,2,0,,4,hop-cli-1,2026-09-27 15:08:36.205960
2026-03-02,4,4,0,1.0,359,hop-cli-1,2026-09-27 15:08:36.205962
2026-03-03,3,3,0,5.0,1182,hop-cli-1,2026-09-27 15:08:36.205964
2026-03-04,3,3,0,,9,hop-cli-1,2026-09-27 15:08:36.205965
2026-03-05,3,3,1,5.0,581,hop-cli-1,2026-09-27 15:08:36.205967
2026-03-06,2,2,0,4.0,67,hop-cli-1,2026-09-27 15:08:36.205969
2026-03-07,1,1,0,5.0,13,hop-cli-1,2026-09-27 15:08:36.205971
2026-03-08,4,4,1,3.0,384,hop-cli-1,2026-09-27 15:08:36.205973
2026-03-09,8,8,1,5.0,720,hop-cli-1,2026-09-27 15:08:36.205975
2026-03-10,7,7,0,4.0,806,hop-cli-1,2026-09-27 15:08:36.206002
2026-03-11,5,5,2,4.25,582,hop-cli-1,2026-09-27 15:08:36.206006
2026-03-12,2,2,0,,262,hop-cli-1,2026-09-27 15:08:36.206008
2026-03-13,2,2,2,5.0,1388,hop-cli-1,2026-09-27 15:08:36.206010
2026-03-14,4,4,1,5.0,55,hop-cli-1,2026-09-27 15:08:36.206012
2026-03-15,6,6,4,4.0,2443,hop-cli-1,2026-09-27 15:08:36.206015
2026-03-16,1,1,0,,21,hop-cli-1,2026-09-27 15:08:36.206016
2026-03-17,2,2,0,,13,hop-cli-1,2026-09-27 15:08:36.206018
2026-03-18,2,2,0,,20,hop-cli-1,2026-09-27 15:08:36.206020
2026-03-19,2,2,1,4.0,38,hop-cli-1,2026-09-27 15:08:36.206022
2026-03-20,4,4,1,4.0,811,hop-cli-1,2026-09-27 15:08:36.206024
2026-03-21,11,11,1,4.67,1949,hop-cli-1,2026-09-27 15:08:36.206027
2026-03-22,5,5,0,5.0,1001,hop-cli-1,2026-09-27 15:08:36.206029
2026-03-23,7,7,0,5.0,349,hop-cli-1,2026-09-27 15:08:36.206032
2026-03-24,6,6,1,4.0,560,hop-cli-1,2026-09-27 15:08:36.206034
2026-03-25,4,4,0,5.0,478,hop-cli-1,2026-09-27 15:08:36.206036
2026-03-26,4,4,0,,59,hop-cli-1,2026-09-27 15:08:36.206038
2026-03-27,3,3,2,5.0,434,hop-cli-1,2026-09-27 15:08:36.206040
2026-03-28,2,2,1,5.0,924,hop-cli-1,2026-09-27 15:08:36.206042
2026-03-29,3,3,1,4.0,158,hop-cli-1,2026-09-27 15:08:36.206044
2026-03-30,6,6,0,,123,hop-cli-1,2026-09-27 15:08:36.206046
2026-03-31,6,6,0,5.0,267,hop-cli-1,2026-09-27 15:08:36.206048
2026-04-01,4,4,1,4.0,983,hop-cli-1,2026-09-27 15:08:36.206050
2026-04-02,3,3,0,5.0,175,hop-cli-1,2026-09-27 15:08:36.206052
2026-04-03,4,4,1,3.5,156,hop-cli-1,2026-09-27 15:08:36.206054
2026-04-04,2,2,1,4.0,26,hop-cli-1,2026-09-27 15:08:36.206086
2026-04-05,2,2,0,,71,hop-cli-1,2026-09-27 15:08:36.206089
2026-04-06,4,4,1,5.0,136,hop-cli-1,2026-09-27 15:08:36.206092
2026-04-07,2,2,0,5.0,1018,hop-cli-1,2026-09-27 15:08:36.206094
2026-04-08,7,7,0,,676,hop-cli-1,2026-09-27 15:08:36.206097
2026-04-09,6,6,0,5.0,48,hop-cli-1,2026-09-27 15:08:36.206099
2026-04-10,5,5,0,5.0,2426,hop-cli-1,2026-09-27 15:08:36.206101
2026-04-11,8,8,0,4.0,166,hop-cli-1,2026-09-27 15:08:36.206104
2026-04-12,6,6,1,5.0,610,hop-cli-1,2026-09-27 15:08:36.206106
2026-04-13,2,2,0,5.0,32,hop-cli-1,2026-09-27 15:08:36.206108
2026-04-14,2,2,0,,55,hop-cli-1,2026-09-27 15:08:36.206109
2026-04-15,1,1,0,,40,hop-cli-1,2026-09-27 15:08:36.206111
2026-04-16,4,4,0,,29,hop-cli-1,2026-09-27 15:08:36.206112
2026-04-17,3,3,0,5.0,1057,hop-cli-1,2026-09-27 15:08:36.206114
2026-04-18,2,2,0,5.0,31,hop-cli-1,2026-09-27 15:08:36.206116
2026-04-19,6,6,1,4.67,733,hop-cli-1,2026-09-27 15:08:36.206118
2026-04-20,2,2,1,4.0,34,hop-cli-1,2026-09-27 15:08:36.206120
2026-04-21,5,5,0,5.0,432,hop-cli-1,2026-09-27 15:08:36.206122
2026-04-22,2,2,0,5.0,46,hop-cli-1,2026-09-27 15:08:36.206124
2026-04-23,5,5,1,4.0,75,hop-cli-1,2026-09-27 15:08:36.206760
2026-04-24,3,3,0,3.0,870,hop-cli-1,2026-09-27 15:08:36.206764
2026-04-25,2,2,1,5.0,347,hop-cli-1,2026-09-27 15:08:36.206766
2026-04-26,8,8,1,3.5,2367,hop-cli-1,2026-09-27 15:08:36.206769
2026-04-27,6,6,1,4.33,944,hop-cli-1,2026-09-27 15:08:36.206771
2026-04-28,2,2,0,,33,hop-cli-1,2026-09-27 15:08:36.206796
2026-04-29,8,8,1,5.0,374,hop-cli-1,2026-09-27 15:08:36.206801
2026-04-30,2,2,0,,15,hop-cli-1,2026-09-27 15:08:36.206803
2026-05-01,4,4,1,4.5,118,hop-cli-1,2026-09-27 15:08:36.206806
2026-05-02,8,8,1,4.0,2351,hop-cli-1,2026-09-27 15:08:36.206809
2026-05-03,5,5,0,5.0,203,hop-cli-1,2026-09-27 15:08:36.206811
2026-05-04,6,6,1,,354,hop-cli-1,2026-09-27 15:08:36.206813
2026-05-05,8,8,2,5.0,930,hop-cli-1,2026-09-27 15:08:36.206816
2026-05-06,1,1,0,,8,hop-cli-1,2026-09-27 15:08:36.206817
2026-05-07,2,2,0,4.5,174,hop-cli-1,2026-09-27 15:08:36.206819
2026-05-08,7,7,0,,1873,hop-cli-1,2026-09-27 15:08:36.206821
2026-05-09,7,7,0,,47,hop-cli-1,2026-09-27 15:08:36.206824
2026-05-10,5,5,0,4.67,61,hop-cli-1,2026-09-27 15:08:36.206826
2026-05-11,7,7,1,5.0,2766,hop-cli-1,2026-09-27 15:08:36.206828
2026-05-12,5,5,0,,70,hop-cli-1,2026-09-27 15:08:36.206831
2026-05-13,6,6,4,4.5,1334,hop-cli-1,2026-09-27 15:08:36.206833
2026-05-14,2,2,1,4.0,18,hop-cli-1,2026-09-27 15:08:36.206835
2026-05-15,4,4,0,,28,hop-cli-1,2026-09-27 15:08:36.206836
2026-05-16,5,5,0,5.0,2367,hop-cli-1,2026-09-27 15:08:36.206838
2026-05-17,7,7,3,4.2,219,hop-cli-1,2026-09-27 15:08:36.206841
2026-05-18,4,4,1,4.5,169,hop-cli-1,2026-09-27 15:08:36.206843
2026-05-19,4,4,0,5.0,1348,hop-cli-1,2026-09-27 15:08:36.206845
2026-05-20,7,7,2,4.0,1276,hop-cli-1,2026-09-27 15:08:36.206848
2026-05-21,7,7,2,5.0,1135,hop-cli-1,2026-09-27 15:08:36.206850
2026-05-22,1,1,0,,4,hop-cli-1,2026-09-27 15:08:36.206852
2026-05-23,4,4,0,4.5,1301,hop-cli-1,2026-09-27 15:08:36.206886
2026-05-24,2,2,0,5.0,29,hop-cli-1,2026-09-27 15:08:36.206890
2026-05-25,5,5,0,4.0,817,hop-cli-1,2026-09-27 15:08:36.206892
2026-05-26,4,4,1,5.0,133,hop-cli-1,2026-09-27 15:08:36.206895
2026-05-27,3,3,1,5.0,71,hop-cli-1,2026-09-27 15:08:36.206897
2026-05-28,5,5,0,5.0,810,hop-cli-1,2026-09-27 15:08:36.206899
2026-05-29,1,1,0,,4,hop-cli-1,2026-09-27 15:08:36.206900
2026-05-30,1,1,0,,88,hop-cli-1,2026-09-27 15:08:36.206902
2026-05-31,2,2,0,,35,hop-cli-1,2026-09-27 15:08:36.206904
2026-06-01,6,6,0,5.0,1116,hop-cli-1,2026-09-27 15:08:36.206906
2026-06-02,5,5,0,,773,hop-cli-1,2026-09-27 15:08:36.206908
2026-06-03,6,6,0,5.0,52,hop-cli-1,2026-09-27 15:08:36.206911
2026-06-04,5,5,1,5.0,836,hop-cli-1,2026-09-27 15:08:36.206913
2026-06-05,4,4,0,5.0,884,hop-cli-1,2026-09-27 15:08:36.206915
2026-06-06,6,6,1,4.67,1835,hop-cli-1,2026-09-27 15:08:36.206918
2026-06-07,5,5,0,5.0,159,hop-cli-1,2026-09-27 15:08:36.206920
2026-06-08,5,5,0,5.0,439,hop-cli-1,2026-09-27 15:08:36.206922
2026-06-09,7,7,1,4.33,205,hop-cli-1,2026-09-27 15:08:36.206925
2026-06-10,2,2,0,,23,hop-cli-1,2026-09-27 15:08:36.206926
2026-06-11,3,3,1,4.5,698,hop-cli-1,2026-09-27 15:08:36.206928
2026-06-12,10,10,0,4.0,303,hop-cli-1,2026-09-27 15:08:36.206931
2026-06-13,2,2,0,,1246,hop-cli-1,2026-09-27 15:08:36.206933
2026-06-14,4,4,0,3.0,172,hop-cli-1,2026-09-27 15:08:36.206935
2026-06-15,3,3,0,5.0,1789,hop-cli-1,2026-09-27 15:08:36.206937
2026-06-16,6,6,2,4.33,1421,hop-cli-1,2026-09-27 15:08:36.206961
2026-06-17,3,3,0,,642,hop-cli-1,2026-09-27 15:08:36.206966
2026-06-18,6,5,2,5.0,559,hop-cli-1,2026-09-27 15:08:36.206969
2026-06-19,2,2,1,4.0,59,hop-cli-1,2026-09-27 15:08:36.206971
2026-06-20,3,3,1,5.0,599,hop-cli-1,2026-09-27 15:08:36.206973
2026-06-21,3,3,1,3.5,89,hop-cli-1,2026-09-27 15:08:36.206975
2026-06-22,8,8,1,4.75,2540,hop-cli-1,2026-09-27 15:08:36.206978
2026-06-23,3,3,0,5.0,35,hop-cli-1,2026-09-27 15:08:36.206980
2026-06-24,7,7,1,5.0,2517,hop-cli-1,2026-09-27 15:08:36.206983
2026-06-25,4,3,1,5.0,79,hop-cli-1,2026-09-27 15:08:36.206985
2026-06-26,2,2,0,,46,hop-cli-1,2026-09-27 15:08:36.206986
2026-06-27,3,3,0,2.0,179,hop-cli-1,2026-09-27 15:08:36.206988
2026-06-28,4,4,0,4.0,194,hop-cli-1,2026-09-27 15:08:36.206990
2026-06-29,4,4,1,4.67,945,hop-cli-1,2026-09-27 15:08:36.206992
2026-06-30,2,2,1,3.0,1147,hop-cli-1,2026-09-27 15:08:36.206994
2026-07-01,5,5,0,5.0,898,hop-cli-1,2026-09-27 15:08:36.206996
2026-07-03,7,7,2,4.0,444,hop-cli-1,2026-09-27 15:08:36.206999
2026-07-04,5,5,1,5.0,520,hop-cli-1,2026-09-27 15:08:36.207001
2026-07-05,4,4,1,4.5,1137,hop-cli-1,2026-09-27 15:08:36.207003
2026-07-06,3,3,0,,68,hop-cli-1,2026-09-27 15:08:36.207005
2026-07-07,2,2,0,,1061,hop-cli-1,2026-09-27 15:08:36.207006
2026-07-08,4,4,0,5.0,286,hop-cli-1,2026-09-27 15:08:36.207008
2026-07-09,3,3,0,3.5,629,hop-cli-1,2026-09-27 15:08:36.207010
2026-07-10,2,2,0,4.0,483,hop-cli-1,2026-09-27 15:08:36.207012
2026-07-11,4,4,0,5.0,76,hop-cli-1,2026-09-27 15:08:36.207014
2026-07-12,4,4,1,4.0,72,hop-cli-1,2026-09-27 15:08:36.207047
2026-07-13,6,6,1,4.5,442,hop-cli-1,2026-09-27 15:08:36.207051
2026-07-14,1,1,0,,23,hop-cli-1,2026-09-27 15:08:36.207055
2026-07-15,3,3,0,5.0,293,hop-cli-1,2026-09-27 15:08:36.207059
2026-07-16,2,2,0,5.0,2130,hop-cli-1,2026-09-27 15:08:36.207062
2026-07-17,3,3,0,5.0,20,hop-cli-1,2026-09-27 15:08:36.207064
2026-07-18,6,6,0,3.75,900,hop-cli-1,2026-09-27 15:08:36.207066
2026-07-19,5,5,2,4.0,114,hop-cli-1,2026-09-27 15:08:36.207068
2026-07-20,5,5,1,5.0,1492,hop-cli-1,2026-09-27 15:08:36.207070
2026-07-21,3,3,1,4.0,136,hop-cli-1,2026-09-27 15:08:36.207072
2026-07-22,4,4,1,4.0,1415,hop-cli-1,2026-09-27 15:08:36.207074
2026-07-23,5,5,0,5.0,82,hop-cli-1,2026-09-27 15:08:36.207076
2026-07-24,3,3,0,,880,hop-cli-1,2026-09-27 15:08:36.207078
2026-07-25,4,4,1,3.0,96,hop-cli-1,2026-09-27 15:08:36.207080
2026-07-26,4,4,2,4.5,27,hop-cli-1,2026-09-27 15:08:36.207082
2026-07-27,5,5,1,5.0,84,hop-cli-1,2026-09-27 15:08:36.207084
2026-07-28,5,5,2,4.5,88,hop-cli-1,2026-09-27 15:08:36.207087
2026-07-29,4,4,0,5.0,53,hop-cli-1,2026-09-27 15:08:36.207089
2026-07-30,4,4,1,5.0,866,hop-cli-1,2026-09-27 15:08:36.207091
2026-07-31,4,4,0,5.0,105,hop-cli-1,2026-09-27 15:08:36.207093
2026-08-01,5,4,1,4.0,76,hop-cli-1,2026-09-27 15:08:36.207095
2026-08-02,1,1,0,4.0,18,hop-cli-1,2026-09-27 15:08:36.207096
2026-08-03,6,6,0,4.75,2508,hop-cli-1,2026-09-27 15:08:36.207099
2026-08-04,1,1,0,5.0,17,hop-cli-1,2026-09-27 15:08:36.207100
2026-08-06,3,3,1,4.5,408,hop-cli-1,2026-09-27 15:08:36.207124
2026-08-07,4,4,0,4.5,58,hop-cli-1,2026-09-27 15:08:36.207129
2026-08-08,1,1,0,,46,hop-cli-1,2026-09-27 15:08:36.207131
2026-08-09,5,5,1,3.5,417,hop-cli-1,2026-09-27 15:08:36.207134
2026-08-10,10,10,2,4.33,1346,hop-cli-1,2026-09-27 15:08:36.207137
2026-08-11,10,8,4,4.5,2301,hop-cli-1,2026-09-27 15:08:36.207140
2026-08-12,2,2,0,3.0,28,hop-cli-1,2026-09-27 15:08:36.207164
2026-08-13,1,1,0,,6,hop-cli-1,2026-09-27 15:08:36.207165
2026-08-14,6,6,1,4.67,133,hop-cli-1,2026-09-27 15:08:36.207168
2026-08-15,4,3,0,3.0,168,hop-cli-1,2026-09-27 15:08:36.207170
2026-08-16,7,7,3,4.33,1505,hop-cli-1,2026-09-27 15:08:36.207172
2026-08-17,4,4,2,5.0,272,hop-cli-1,2026-09-27 15:08:36.207174
2026-08-18,2,2,1,3.0,39,hop-cli-1,2026-09-27 15:08:36.207176
2026-08-19,2,2,0,5.0,31,hop-cli-1,2026-09-27 15:08:36.207178
2026-08-20,4,4,1,5.0,61,hop-cli-1,2026-09-27 15:08:36.207180
2026-08-21,2,2,0,,843,hop-cli-1,2026-09-27 15:08:36.207181
2026-08-22,5,5,1,4.0,108,hop-cli-1,2026-09-27 15:08:36.207183
2026-08-23,6,6,3,4.5,716,hop-cli-1,2026-09-27 15:08:36.207186
2026-08-24,4,4,0,2.0,132,hop-cli-1,2026-09-27 15:08:36.207188
2026-08-25,2,2,1,4.0,64,hop-cli-1,2026-09-27 15:08:36.207190
